Store,Date,Product / Item Name,Brand,Price Paid,item_basic,department
Ralphs,5/3/2026,Bourbon and Brown Sugar Grillin' Beans  22 oz,Bush's,3.49,Baked Beans,Pantry
Albertsons,1/9/2026,Bourbon Whiskey 90 Proof,Bulleit,24.43,Bourbon Whiskey,Alcohol
Albertsons,7/22/2025,Bourbon Whiskey 90 Proof,Bulleit,42.99,Bourbon Whiskey,Alcohol
Ralphs,2/17/2026,Bourbon Whiskey 90 Proof,Bulleit,42.99,Bourbon Whiskey,Alcohol
Albertsons,12/31/2025,Bourbon Whiskey 90 Proof,Bulleit,43.99,Bourbon Whiskey,Alcohol
Albertsons,3/4/2026,Bourbon Whiskey 90 Proof,Bulleit,43.99,Bourbon Whiskey,Alcohol
Ralphs,10/16/2025,Bourbon Whiskey 90 Proof,Bulleit,44.99,Bourbon Whiskey,Alcohol
Ralphs,3/19/2026,Bourbon Whiskey 90 Proof,Bulleit,44.99,Bourbon Whiskey,Alcohol
Ralphs,4/27/2026,Bourbon Whiskey 90 Proof,Bulleit,44.99,Bourbon Whiskey,Alcohol
Ralphs,5/14/2026,Bourbon Whiskey 90 Proof,Bulleit,44.99,Bourbon Whiskey,Alcohol
Albertsons,1/25/2026,Bourbon Whiskey 90 Proof,Bulleit,45.99,Bourbon Whiskey,Alcohol
Albertsons,9/11/2025,Bourbon Whiskey 90 Proof,Bulleit,46.99,Bourbon Whiskey,Alcohol
Albertsons,11/12/2025,Bourbon Whiskey 90 Proof,Bulleit,46.99,Bourbon Whiskey,Alcohol
Albertsons,4/16/2026,Bourbon Whiskey 90 Proof,Bulleit,46.99,Bourbon Whiskey,Alcohol
Albertsons,11/6/2025,Bourbon Whiskey 90 Proof,Bulleit,47.99,Bourbon Whiskey,Alcohol
Albertsons,9/1/2025,Bourbon Whiskey 90 Proof,Bulleit,49.99,Bourbon Whiskey,Alcohol
Vons,6/13/2025,Bourbon Whiskey 90 Proof,Bulleit,49.99,Bourbon Whiskey,Alcohol
Ralphs,9/28/2025,Bourbon Whiskey 90 Proof,Bulleit,52.99,Bourbon Whiskey,Alcohol
Albertsons,4/5/2026,Bourbon Whiskey 90 Proof,Bulleit,22.99,Bourbon Whiskey,Alcohol
Albertsons,4/5/2026,Bourbon Whiskey 90 Proof,Bulleit,22.99,Bourbon Whiskey,Alcohol
Albertsons,1/9/2026,Straight Bourbon,Four Roses,25.54,Bourbon Whiskey,Alcohol
Albertsons,12/8/2025,Straight Bourbon,Four Roses,41.99,Bourbon Whiskey,Alcohol
Ralphs,7/20/2025,1% Lowfat Chocolate Milk  8 fl oz,Horizon Organic,1.25,Chocolate Milk,Dairy
Ralphs,9/28/2025,1% Lowfat Chocolate Milk  8 fl oz,Horizon Organic,1.69,Chocolate Milk,Dairy
Ralphs,7/20/2025,1% Lowfat Milk  8 fl oz,Horizon Organic,1.25,Milk,Dairy
Albertsons,11/12/2025,100% Avocado Oil Squeeze 16.9 Fz,Signature Select,11.99,Cooking Oil,Pantry
Albertsons,3/25/2026,100% Natural Coconut Water,,3.71,Coconut Water,Beverages
Albertsons,3/25/2026,100% Natural Coconut Water,,3.71,Coconut Water,Beverages
Albertsons,3/27/2026,100% Natural Coconut Water,,3.79,Coconut Water,Beverages
Albertsons,3/27/2026,100% Natural Coconut Water,,3.79,Coconut Water,Beverages
Albertsons,4/8/2026,100% Natural Coconut Water. No Sugar Added,,2.72,Coconut Water,Beverages
Albertsons,6/10/2025,100% Pure Maple Syrup (16.9 Fl Oz),O Organics,13.35,Maple Syrup,Pantry
Albertsons,11/26/2025,100% Pure Pumpkin 29 Oz,Signature Select,4.42,Canned Pumpkin,Pantry
Albertsons,12/10/2025,100% Raw & Unfiltered Honey,Local Hive,8.62,Honey,Pantry
Albertsons,2/18/2026,100% Raw & Unfiltered Honey,Local Hive,9.99,Honey,Pantry
Ralphs,3/19/2026,12 count Large Brown Grade A Free Range Eggs,Happy Egg,4.99,Eggs,Dairy
Ralphs,12/28/2025,12 count Large Brown Grade A Free Range Eggs,Happy Egg,7.99,Eggs,Dairy
Albertsons,10/26/2025,2 Triple Roll Select-a-size White,Bounty,10.9,Toilet Paper,Paper Goods
Albertsons,9/2/2025,2% Coconut Greek Yogurt,Chobani,1.61,Greek Yogurt,Dairy
Albertsons,9/2/2025,2% Coconut Greek Yogurt,Chobani,1.61,Greek Yogurt,Dairy
Albertsons,10/26/2025,2% Coconut Greek Yogurt,Chobani,1.68,Greek Yogurt,Dairy
Albertsons,10/26/2025,2% Coconut Greek Yogurt,Chobani,1.68,Greek Yogurt,Dairy
Albertsons,1/18/2026,2% Colby Jack Chunk Cheese,Lucerne,1.67,Colby Jack Cheese,Dairy
Albertsons,1/18/2026,2% Milk Reduced Fat Sharp Cheddar Chunk,Lucerne,1.66,Cheddar Cheese,Dairy
Albertsons,1/18/2026,2% Milk Reduced Fat Sharp Cheddar Chunk,Lucerne,1.67,Cheddar Cheese,Dairy
Amazon Fresh,4/2/2026,20g Protein Lowfat Greek Yogurt Vanilla 4PK,Chobani,6.49,Greek Yogurt,Dairy
Albertsons,11/19/2025,45qft Holiday Friends Wrap,Ssel / Signature Select,1.96,Greeting Cards/Wrap,Party & Stationery
Ralphs,2/2/2026,99% Fat Free Chicken Broth  32 oz,Kroger,2.39,Chicken Broth,Pantry
Albertsons,4/12/2026,Acetaminophen Extra Strength Rapid Release Gels,Tylenol,7.47,Pain Reliever,Personal Care
Albertsons,11/26/2025,Aerosol Whip Cream Topping,Reddi-Wip,2.46,Whipped Cream,Dairy
Albertsons,10/23/2025,Albvons Olive Crest Prod,Kdk,1.67,Store Promo,Other
Albertsons,8/17/2025,Albvons Olive Crest Prod,Kdk,1.66,Store Promo,Other
Albertsons,8/17/2025,Albvons Olive Crest Prod,Kdk,1.66,Store Promo,Other
Ralphs,7/20/2025,All Natural* 93% Lean/7% Fat Fresh Ground Turkey  1 LB,JENNIE-O,6.99,Ground Turkey,Meat
Albertsons,6/12/2025,All Purpose Flour,Gold Medal,5.99,Flour,Baking
Ralphs,12/28/2025,All Purpose Unbleached Flour  5 lbs,King Arthur,5.49,Flour,Baking
Albertsons,2/18/2026,Allergy 5mg Tablet 15ct,Zyrtec,16.31,Allergy Medicine,Personal Care
Ralphs,5/17/2026,Alpine Spring Gallon Water  1 gallon,Crystal Geyser,1.6,Bottled Water,Beverages
Ralphs,9/28/2025,Alpine Spring Gallon Water  1 gallon,Crystal Geyser,1.79,Bottled Water,Beverages
Ralphs,3/19/2026,Alpine Spring Gallon Water  1 gallon,Crystal Geyser,1.79,Bottled Water,Beverages
Ralphs,4/16/2025,"Alpine Spring Gallon Water, 1 gallon",Crystal Geyser,1.79,Bottled Water,Beverages
Ralphs,4/19/2025,"Alpine Spring Gallon Water, 1 gallon",Crystal Geyser,1.79,Bottled Water,Beverages
Albertsons,1/25/2026,Alpine Spring Water 1ga,Crystal Geyser,1.21,Bottled Water,Beverages
Albertsons,4/8/2026,Alpine Spring Water 1ga,Crystal Geyser,1.36,Bottled Water,Beverages
Albertsons,6/28/2025,Alpine Spring Water 1ga,Crystal Geyser,1.49,Bottled Water,Beverages
Albertsons,1/9/2026,Alpine Spring Water 1ga,Crystal Geyser,1.74,Bottled Water,Beverages
Albertsons,4/12/2026,Alpine Spring Water 1ga,Crystal Geyser,1.41,Bottled Water,Beverages
Albertsons,4/12/2026,Alpine Spring Water 1ga,Crystal Geyser,1.41,Bottled Water,Beverages
Albertsons,12/13/2025,Alpine Spring Water 1ga,Crystal Geyser,1.49,Bottled Water,Beverages
Albertsons,12/13/2025,Alpine Spring Water 1ga,Crystal Geyser,1.49,Bottled Water,Beverages
Albertsons,11/12/2025,Alpine Spring Water 1ga,Crystal Geyser,1.5,Bottled Water,Beverages
Albertsons,11/12/2025,Alpine Spring Water 1ga,Crystal Geyser,1.5,Bottled Water,Beverages
Albertsons,6/12/2025,Alpine Spring Water 1ga,Crystal Geyser,0.99,Bottled Water,Beverages
Albertsons,6/12/2025,Alpine Spring Water 1ga,Crystal Geyser,0.99,Bottled Water,Beverages
Albertsons,6/12/2025,Alpine Spring Water 1ga,Crystal Geyser,0.99,Bottled Water,Beverages
Albertsons,6/12/2025,Alpine Spring Water 1ga,Crystal Geyser,0.99,Bottled Water,Beverages
Albertsons,9/1/2025,Alpine Spring Water 1ga,Crystal Geyser,1.48,Bottled Water,Beverages
Albertsons,9/1/2025,Alpine Spring Water 1ga,Crystal Geyser,1.48,Bottled Water,Beverages
Albertsons,9/1/2025,Alpine Spring Water 1ga,Crystal Geyser,1.48,Bottled Water,Beverages
Albertsons,9/1/2025,Alpine Spring Water 1ga,Crystal Geyser,1.48,Bottled Water,Beverages
Albertsons,10/12/2025,Alpine Spring Water 1ga,Crystal Geyser,1.49,Bottled Water,Beverages
Albertsons,10/12/2025,Alpine Spring Water 1ga,Crystal Geyser,1.49,Bottled Water,Beverages
Albertsons,10/12/2025,Alpine Spring Water 1ga,Crystal Geyser,1.49,Bottled Water,Beverages
Albertsons,10/12/2025,Alpine Spring Water 1ga,Crystal Geyser,1.49,Bottled Water,Beverages
Albertsons,12/31/2025,Alpine Spring Water 1ga,Crystal Geyser,1.5,Bottled Water,Beverages
Albertsons,12/31/2025,Alpine Spring Water 1ga,Crystal Geyser,1.5,Bottled Water,Beverages
Albertsons,12/31/2025,Alpine Spring Water 1ga,Crystal Geyser,1.5,Bottled Water,Beverages
Albertsons,12/31/2025,Alpine Spring Water 1ga,Crystal Geyser,1.5,Bottled Water,Beverages
Albertsons,8/12/2025,Alpine Spring Water 1ga,Crystal Geyser,1.45,Bottled Water,Beverages
Albertsons,8/12/2025,Alpine Spring Water 1ga,Crystal Geyser,1.45,Bottled Water,Beverages
Albertsons,8/12/2025,Alpine Spring Water 1ga,Crystal Geyser,1.45,Bottled Water,Beverages
Albertsons,8/12/2025,Alpine Spring Water 1ga,Crystal Geyser,1.45,Bottled Water,Beverages
Albertsons,8/12/2025,Alpine Spring Water 1ga,Crystal Geyser,1.45,Bottled Water,Beverages
Albertsons,8/12/2025,Alpine Spring Water 1ga,Crystal Geyser,1.45,Bottled Water,Beverages
Vons,6/13/2025,Amedia Sip,,9.75,Beverage,Beverages
Albertsons,3/20/2026,Anchovies Rolled,Reese,3.26,Anchovies,Pantry
Albertsons,3/20/2026,Anchovy Paste 1.6 Oz T,Reese,3.26,Anchovies,Pantry
Albertsons,12/4/2025,Andouille Sausage,Johnsonville,4.94,Andouille Sausage,Meat
Albertsons,11/6/2025,Angel Soft Bath Tissue 16 Mega Roll,Angel Soft,15.99,Toilet Paper,Paper Goods
Albertsons,8/24/2025,Apple Feta Kit,Taylor Farms,3.99,Salad Kit,Produce
Albertsons,12/8/2025,Apples Fuji Large (0.81lb),,1.44,Apples,Produce
Albertsons,2/27/2026,Artesano Brioche Bakery Buns,Alfaro's,4.99,Brioche Buns,Bakery
Albertsons,9/1/2025,Aseptic Chicken Broth,Swanson,2.45,Chicken Broth,Pantry
Albertsons,9/1/2025,Aseptic Chicken Broth,Swanson,2.45,Chicken Broth,Pantry
Albertsons,2/18/2026,Assorted Flavors Lip Balm Tube 3 Pack,Carmex,4.49,Lip Balm,Personal Care
Ralphs,9/28/2025,Authentic Short Grain Jasponica Sushi Rice  32 oz,4Sisters,6.49,Sushi Rice,Pantry
Albertsons,4/12/2026,Auto Toilet Cleaner Atlantic Fresh,Lysol,5.14,Toilet Cleaner,Household
Albertsons,12/13/2025,Avocados Hass,,0.96,Avocados,Produce
Albertsons,10/10/2025,Avocados Hass,,1.0,Avocados,Produce
Albertsons,10/10/2025,Avocados Hass,,1.0,Avocados,Produce
Albertsons,10/10/2025,Avocados Hass,,1.0,Avocados,Produce
Albertsons,10/10/2025,Avocados Hass,,1.0,Avocados,Produce
Albertsons,10/10/2025,Avocados Hass,,1.0,Avocados,Produce
Albertsons,4/12/2026,Avocados Hass Extra Large,,2.8,Avocados,Produce
Albertsons,1/4/2026,Avocados Hass Extra Large,,2.99,Avocados,Produce
Albertsons,12/13/2025,Avocados Hass Small Organic,,2.47,Avocados,Produce
Albertsons,10/26/2025,Avocados Hass Small Organic,,2.49,Avocados,Produce
Albertsons,7/13/2025,Baby Arugula,O Organics,3.44,Arugula,Produce
Albertsons,6/28/2025,Baby Arugula,O Organics,3.45,Arugula,Produce
Albertsons,2/18/2026,Baby Lemons,Signature Select/Farms,3.83,Lemons,Produce
Vons,6/13/2025,Baby Spinach,Ready Pac,3.89,Spinach,Produce
Albertsons,11/8/2025,Baby Spinach 5 Ounce,O Organics,2.96,Spinach,Produce
Albertsons,3/20/2026,Baby Spinach 5 Ounce,O Organics,2.97,Spinach,Produce
Albertsons,10/23/2025,Baby Spinach 5 Ounce,O Organics,3.49,Spinach,Produce
Albertsons,1/25/2026,Baby Spinach And Arugula 5 Oz,O Organics,3.47,Arugula,Produce
Albertsons,12/22/2025,Baby Sweet Peas Frozen Vegetables (13 Oz),Birds Eye,1.67,Frozen Peas,Frozen
Albertsons,11/6/2025,Bacon Bits,Hormel,3.29,Bacon Bits,Pantry
Albertsons,4/5/2026,Baked Barbecue 6.25oz,Lay's,4.38,Chips,Snacks
Ralphs,4/26/2026,Bakery Fresh Frozen Garlic Bread  16 oz,,3.99,Garlic Bread,Bakery
Albertsons,12/31/2025,Banana Blueberry Water Organic,Banagua,2.99,Banana Water,Beverages
Amazon Fresh,4/2/2026,Banana Bunch (4-5 Count),,0.99,Bananas,Produce
Albertsons,8/17/2025,Banana Cream,Olipop,1.99,Prebiotic Soda,Beverages
Albertsons,8/24/2025,Banana Cream,Olipop,2.0,Prebiotic Soda,Beverages
Albertsons,8/24/2025,Banana Cream,Olipop,2.0,Prebiotic Soda,Beverages
Albertsons,9/1/2025,Banana Cream,Olipop,2.75,Prebiotic Soda,Beverages
Albertsons,9/1/2025,Banana Cream,Olipop,2.75,Prebiotic Soda,Beverages
Albertsons,11/30/2025,Banana Cream,Olipop,2.79,Prebiotic Soda,Beverages
Albertsons,11/30/2025,Banana Cream,Olipop,2.79,Prebiotic Soda,Beverages
Albertsons,10/12/2025,Banana Cream,Olipop,1.99,Prebiotic Soda,Beverages
Albertsons,10/12/2025,Banana Cream,Olipop,1.99,Prebiotic Soda,Beverages
Albertsons,10/12/2025,Banana Cream,Olipop,1.99,Prebiotic Soda,Beverages
Albertsons,10/12/2025,Banana Cream,Olipop,1.99,Prebiotic Soda,Beverages
Albertsons,10/26/2025,Banana Cream,Olipop,2.77,Prebiotic Soda,Beverages
Albertsons,10/26/2025,Banana Cream,Olipop,2.77,Prebiotic Soda,Beverages
Albertsons,10/26/2025,Banana Cream,Olipop,2.77,Prebiotic Soda,Beverages
Albertsons,10/26/2025,Banana Cream,Olipop,2.77,Prebiotic Soda,Beverages
Albertsons,3/25/2026,Banana Water Cocoa Vanilla Organic 11.2 Fz,Banagua,3.42,Banana Water,Beverages
Albertsons,11/8/2025,Banana Water Organic,Banagua,2.96,Banana Water,Beverages
Albertsons,3/16/2026,Bananas (1.36lb),,0.94,Bananas,Produce
Albertsons,8/7/2025,Bananas (2.07lb),,1.43,Bananas,Produce
Albertsons,10/30/2025,Bananas (2.75lb),,1.77,Bananas,Produce
Albertsons,1/25/2026,Bananas (2lb),,1.37,Bananas,Produce
Albertsons,4/5/2026,Barbecue 7.75oz,Lay's,4.19,Chips,Snacks
Albertsons,9/11/2025,Barbecue 7.75oz,Lay's,4.73,Chips,Snacks
Vons,7/27/2025,Bare Soothing Hydration Anti-dandruff Shampoo,Head & Shoulders,10.68,Shampoo,Personal Care
Albertsons,10/20/2025,Base Repair & Protect Rinse Off Conditioner (10.9 Fz),Pantene,10.99,Conditioner,Personal Care
Amazon Fresh,2/13/2026,Basil Leaves  0.62 oz,McCormick,3.21,Basil,Produce
Albertsons,12/13/2025,Basil Living,O Organics,3.74,Basil,Produce
Albertsons,9/11/2025,Basil Living Potted,,3.74,Basil,Produce
Albertsons,10/26/2025,Bath Tissue 12 Mega Roll,Angel Soft,12.88,Toilet Paper,Paper Goods
Albertsons,8/17/2025,Bath Tissue 16 Mega Roll,Angel Soft,12.89,Toilet Paper,Paper Goods
Albertsons,1/25/2026,Beef Cooking Stock,Swanson,4.95,Beef Broth,Pantry
Albertsons,11/23/2025,Beef Franks,Oscar Mayer,7.99,Hot Dogs,Meat
Ralphs,12/28/2025,Beef Pasta  5.9 oz,Hamburger Helper,2.49,Hamburger Helper,Pantry
Ralphs,3/19/2026,Beef Pasta  5.9 oz,Hamburger Helper,2.49,Hamburger Helper,Pantry
Albertsons,3/20/2026,Beef Polska Kielbasa,Hillshire Farm,7.4,Kielbasa Sausage,Meat
Albertsons,7/13/2025,Beef Ravioli (20 Oz),Celentano,5.89,Beef Ravioli,Frozen
Albertsons,3/20/2026,Beef Ravioli 25 Oz,Signature Select,5.91,Beef Ravioli,Frozen
Albertsons,8/24/2025,Beef Ribeye Steak Boneless (0.87lb),USDA Choice,20.0,Ribeye Steak,Meat
Albertsons,6/28/2025,Beef Ribeye Steak Boneless (0.93lb),USDA Choice,12.84,Ribeye Steak,Meat
Albertsons,2/28/2026,Beef Steak Ribeye Boneless 12 Oz,Open Nature,19.99,Ribeye Steak,Meat
Albertsons,7/25/2025,Beef Stick & Cheese 1.2oz,Jack Link's,2.29,Cheese,Dairy
Albertsons,12/10/2025,Beef Sticks Original 8oz,Country Archer,14.38,Beef Sticks,Snacks
Albertsons,1/4/2026,Beef Tamale,Del Real Foods,9.99,Tamales,Frozen
Ralphs,5/17/2026,Beef Tamales 6 Count  24 oz,Del Real® Foods,9.49,Tamales,Frozen
Ralphs,5/20/2026,Beef Tamales 6 Count  24 oz,Del Real Foods,9.49,Tamales,Frozen
Albertsons,4/16/2026,Beef With Broccoli,P.F. Chang's,8.9,Broccoli,Produce
Albertsons,1/9/2026,Bell Peppers Orange,,1.93,Bell Peppers,Produce
Albertsons,7/13/2025,Bell Peppers Red,,0.98,Bell Peppers,Produce
Ralphs,5/12/2026,Black Beans  15.5 oz,Goya,1.99,Black Beans,Pantry
Albertsons,1/25/2026,Black Beans 15 Oz,Signature Select,0.89,Black Beans,Pantry
Albertsons,1/25/2026,Black Beans 15 Oz,Signature Select,0.89,Black Beans,Pantry
Albertsons,8/20/2025,Blueberries Strawberries & Mango Family Size 32 Oz,O Organics,10.99,Blueberries,Produce
Albertsons,3/16/2026,Blueberries Whole Unsweetened,Signature Select,13.99,Frozen Berries,Frozen
Albertsons,1/4/2026,Blueberry Vanilla Goat Cheese,Montchevre,5.49,Goat Cheese,Dairy
Albertsons,1/25/2026,Blueberry Vanilla Goat Cheese,Montchevre,5.94,Goat Cheese,Dairy
Albertsons,10/12/2025,Boneless Ribeye Sliced Curl 16 Oz,King Beef,14.81,Ribeye Steak,Meat
Albertsons,2/28/2026,Bowl Collapsible 20oz Pawrific,,8.99,Pet Bowl,Pet Care
Albertsons,11/8/2025,Bread Crusty French,,3.95,French Bread,Bakery
Albertsons,4/5/2026,Brioche Burger Buns 4 Count,St. Pierre,5.36,Brioche Buns,Bakery
Albertsons,12/8/2025,Brioche Burger Buns 4 Count,St. Pierre,5.45,Brioche Buns,Bakery
Albertsons,11/30/2025,Broccoli Florets 12oz,Taylor Farms,2.99,Salad Kit,Produce
Albertsons,12/22/2025,Broth Chicken Fat Free Reduced Sodium 14.5 Oz,Signature Select,1.25,Chicken Broth,Pantry
Albertsons,12/22/2025,Broth Chicken Fat Free Reduced Sodium 14.5 Oz,Signature Select,1.25,Chicken Broth,Pantry
Albertsons,3/12/2026,Brown Gravy Mix,McCormick,1.0,Seasoning Mix,Pantry
Albertsons,3/12/2026,Brown Gravy Mix,McCormick,1.0,Seasoning Mix,Pantry
Albertsons,3/12/2026,Brown Gravy Mix,McCormick,1.0,Seasoning Mix,Pantry
Albertsons,7/26/2025,Butter 8 Oz,Lucerne,2.99,Butter,Dairy
Albertsons,12/22/2025,Butter 8 Oz,Lucerne,2.99,Butter,Dairy
Albertsons,3/31/2026,Butter Beans 15 Oz,Signature Select,1.5,Butter Beans,Pantry
Albertsons,3/31/2026,Butter Beans 15 Oz,Signature Select,1.5,Butter Beans,Pantry
Albertsons,3/12/2026,Butter Sweet Cream Quarters 2 Pack 2 Pound,Lucerne,6.99,Butter,Dairy
Ralphs,9/28/2025,Butternut Squash  1 ct,,1.79,Butternut Squash,Produce
Albertsons,3/12/2026,Cabbage Green (1.68lb),,0.82,Cabbage,Produce
Ralphs,4/19/2025,Cage Free Grade AA Large White Eggs  18 ct,Kroger,9.69,Eggs,Dairy
Albertsons,1/4/2026,Cage Free Large A Shell Eggs 18 Count,Lucerne,4.39,Eggs,Dairy
Albertsons,3/31/2026,California Sparkling Brut Wine 4-187 Ml Bottles,Korbel,16.99,Wine,Alcohol
Albertsons,2/13/2026,Candy Heavalentine's Daycards,,4.88,Candy,Candy
Ralphs,4/26/2026,"Candy Theater Box, 3.5 oz",Junior Mints,1.5,Boxed Candy,Candy
Albertsons,10/10/2025,Candy Thermometer,Good Cook,6.99,Candy,Candy
Albertsons,7/13/2025,Canned Coconut Milk (13.5 Fl Oz),Signature Select,1.96,Coconut Milk,Pantry
Albertsons,11/30/2025,Canned Coconut Milk 13.5 Fz,Signature Select,2.29,Coconut Milk,Pantry
Albertsons,11/30/2025,Canned Coconut Milk 13.5 Fz,Signature Select,2.29,Coconut Milk,Pantry
Albertsons,3/31/2026,Cannellini Beans,S&W,1.25,Cannellini Beans,Pantry
Albertsons,3/31/2026,Cannellini Beans,S&W,1.25,Cannellini Beans,Pantry
Ralphs,7/20/2025,Cannellini Beans 15.5 oz  15.5 oz,Bush's,1.79,Cannellini Beans,Pantry
Ralphs,9/28/2025,Cannellini Beans 15.5 oz  15.5 oz,Bush's,1.79,Cannellini Beans,Pantry
Ralphs,4/24/2026,Cantaloupe  1 ct,,3.79,Cantaloupe,Produce
Ralphs,5/23/2026,Cantaloupe  1 ct,,3.79,Cantaloupe,Produce
Ralphs,9/28/2025,Carrots  1 ct,,1.49,Carrots,Produce
Albertsons,1/9/2026,Carrots (0.38lb),,0.37,Carrots,Produce
Albertsons,6/4/2025,Carrots (0.83lb),,0.82,Carrots,Produce
Ralphs,4/19/2025,Carrots 1ct,,1.94,Carrots,Produce
Vons,6/13/2025,Carrots 2 Lb Bag,,1.95,Carrots,Produce
Albertsons,7/13/2025,Carrots 2 Lb Bag,,1.96,Carrots,Produce
Albertsons,11/8/2025,Carrots 2 Lb Bag,,1.97,Carrots,Produce
Albertsons,3/31/2026,Carrots 2 Lb Bag,,1.99,Carrots,Produce
Albertsons,3/9/2026,Carrots 2lb Bag,O Organics,2.42,Carrots,Produce
Albertsons,10/20/2025,Carrots 2lb Bag,O Organics,2.49,Carrots,Produce
Albertsons,11/12/2025,Cauliflower Florets Steam Bag 12 Oz,Signature Select,1.66,Cauliflower,Produce
Albertsons,11/12/2025,Cauliflower Florets Steam Bag 12 Oz,Signature Select,1.67,Cauliflower,Produce
Albertsons,11/12/2025,Cauliflower Florets Steam Bag 12 Oz,Signature Select,1.67,Cauliflower,Produce
Albertsons,7/25/2025,Cdm Thins,Andes,3.0,Mint Candy,Candy
Albertsons,2/27/2026,Celebrate Baking Cups 150 Ct,Overjoyed,2.99,Baking Cups,Baking
Ralphs,4/19/2025,Celebration Heavyweight Paper Plates  40 ct,Kroger,6.49,Paper Plates,Paper Goods
Amazon Fresh,2/13/2026,Celery Hearts  1 Lb,,2.55,Celery,Produce
Ralphs,3/19/2026,Celery Hearts  16 oz,Kroger,3.79,Celery,Produce
Albertsons,8/12/2025,Celery Medium,,1.91,Celery,Produce
Albertsons,11/8/2025,Celery Medium,,1.97,Celery,Produce
Albertsons,12/8/2025,Celery Medium,,1.98,Celery,Produce
Albertsons,8/24/2025,Celery Medium,,1.99,Celery,Produce
Albertsons,11/30/2025,Celery Medium,,1.99,Celery,Produce
Albertsons,3/9/2026,Celery Medium,,2.89,Celery,Produce
Ralphs,5/23/2026,Cheddar Smoked Sausage Links  23.3 oz,Eckrich,5.0,Smoked Sausage,Meat
Albertsons,10/23/2025,Cheese 12 Count,Mini Babybel,7.99,Babybel Cheese,Dairy
Albertsons,7/26/2025,Cheese Parmesan Shred Cup,Primo Taglio,8.99,Parmesan Cheese,Dairy
Albertsons,7/22/2025,Cheese Provolone Smoke Flavored Sliced,Lucerne,3.38,Provolone Cheese,Dairy
Albertsons,10/26/2025,Cheese Sharp Cheddar Thin Slices,Lucerne,3.47,Cheddar Cheese,Dairy
Albertsons,10/26/2025,Cheese Shredded Sharp Cheddar,Lucerne,8.91,Cheddar Cheese,Dairy
Albertsons,12/4/2025,Cheese Snackers Cheddar Medium,Lucerne,3.96,Cheese,Dairy
Albertsons,7/13/2025,Cheese Tortellini,Celentano,5.9,Cheese Tortellini,Pantry
Ralphs,5/12/2026,Cheese Tortellini  48 oz,Kroger,9.49,Cheese Tortellini,Pantry
Albertsons,2/20/2026,Cherry Lime 20fz,Gatorlyte,2.74,Sports Drink,Beverages
Albertsons,2/20/2026,Cherry Lime 20fz,Gatorlyte,2.74,Sports Drink,Beverages
Albertsons,6/28/2025,Chia Seeds (16 Oz),O Organics,8.87,Chia Seeds,Baking
Ralphs,5/20/2026,Chicken and Cheese Tamales  24 oz,Del Real Foods,9.49,Cheese,Dairy
Albertsons,10/12/2025,Chicken Breast Boneless Skinless Value Pack (2.47lb),,4.88,Chicken Breasts,Meat
Albertsons,9/1/2025,Chicken Breast Water,Bumble Bee,5.38,Canned Chicken,Pantry
Albertsons,8/17/2025,Chicken Breasts Boneless Skinless Air Chilled (1.65lb),Open Nature,14.66,Chicken Breasts,Meat
Albertsons,11/8/2025,Chicken Breasts Boneless Skinless Air Chilled (1.6lb),Open Nature,14.19,Chicken Breasts,Meat
Albertsons,1/25/2026,Chicken Broth,Swanson,1.98,Chicken Broth,Pantry
Albertsons,6/12/2025,Chicken Broth,Swanson,1.99,Chicken Broth,Pantry
Albertsons,8/17/2025,Chicken Broth,Swanson,1.98,Chicken Broth,Pantry
Albertsons,8/17/2025,Chicken Broth,Swanson,1.98,Chicken Broth,Pantry
Albertsons,1/4/2026,Chicken Cooking Stock,Swanson,4.99,Chicken Broth,Pantry
Albertsons,12/4/2025,Chicken Cooking Stock,Swanson,4.94,Chicken Broth,Pantry
Albertsons,9/1/2025,Chicken Cooking Stock,Swanson,2.45,Chicken Broth,Pantry
Albertsons,9/1/2025,Chicken Cooking Stock,Swanson,2.45,Chicken Broth,Pantry
Albertsons,11/8/2025,Chicken Cooking Stock,Swanson,4.93,Chicken Broth,Pantry
Albertsons,11/8/2025,Chicken Cooking Stock,Swanson,4.93,Chicken Broth,Pantry
Albertsons,12/4/2025,Chicken Cooking Stock,Swanson,4.95,Chicken Broth,Pantry
Albertsons,12/4/2025,Chicken Cooking Stock,Swanson,4.95,Chicken Broth,Pantry
Albertsons,12/13/2025,Chicken Cooking Stock,Swanson,2.46,Chicken Broth,Pantry
Albertsons,12/13/2025,Chicken Cooking Stock,Swanson,2.46,Chicken Broth,Pantry
Albertsons,12/13/2025,Chicken Cooking Stock,Swanson,2.46,Chicken Broth,Pantry
Albertsons,12/13/2025,Chicken Cooking Stock,Swanson,2.46,Chicken Broth,Pantry
Albertsons,11/6/2025,Chicken Drumsticks Malibu Seasoning (2.32lb),,6.47,Chicken Drumsticks,Meat
Albertsons,2/28/2026,Chicken Egg Rolls,Chung's,4.99,Eggs,Dairy
Albertsons,1/18/2026,Chicken In A Biskit 12oz,Chicken in a Biskit,5.49,Crackers,Snacks
Albertsons,1/4/2026,Chicken In A Biskit 7.5oz,Chicken in a Biskit,4.29,Crackers,Snacks
Albertsons,2/28/2026,Chicken Lo Mein,P.F. Chang's,6.49,Frozen Asian Entree,Frozen
Amazon Fresh,2/13/2026,Chicken Mozzarella Tortellini Family Size 20oz,Rana Meal Solutions,6.99,Mozzarella Cheese,Dairy
Albertsons,10/12/2025,Chicken Soup Top Ramen,Nissin,0.5,Instant Noodles,Pantry
Albertsons,10/12/2025,Chicken Soup Top Ramen,Nissin,0.5,Instant Noodles,Pantry
Albertsons,8/12/2025,Chicken Stock,Kitchen Basics,4.32,Chicken Broth,Pantry
Albertsons,8/12/2025,Chicken Stock,Kitchen Basics,4.32,Chicken Broth,Pantry
Albertsons,6/28/2025,Chicken Thigh Bone In Value Pack (4.89lb),Signature Farms,12.96,Chicken Thighs,Meat
Albertsons,8/20/2025,Chicken Thighs Boneless Skinless Air Chill (1.36lb),O Organics,14.95,Chicken Thighs,Meat
Albertsons,12/10/2025,Chocolate Supreme Brownie Mix With Syrup,Ghirardelli,4.79,Cake/Brownie Mix,Baking
Albertsons,9/19/2025,Choice Beef Chuck Pot Roast Boneless (1.69lb),USDA Choice,8.43,Pot Roast,Meat
Albertsons,12/22/2025,Choice Beef Chuck Pot Roast Boneless (2.18lb),USDA Choice,17.42,Pot Roast,Meat
Albertsons,9/19/2025,Choice Beef Ribeye Steak Boneless (0.83lb),USDA Choice,19.08,Ribeye Steak,Meat
Ralphs,4/24/2026,Choice Bone-in Ribeye Beef Steak  1 lb,,18.99,Ribeye Steak,Meat
Albertsons,7/13/2025,Chopped Ripe Olives,Lindsay,4.92,Olives,Pantry
Ralphs,9/28/2025,Cilantro  1 ct,,0.99,Cilantro,Produce
Albertsons,6/28/2025,Classic Roast,Folgers,15.42,Ground Coffee,Coffee & Tea
Albertsons,2/28/2026,Classic Roast,Folgers,20.99,Ground Coffee,Coffee & Tea
Albertsons,9/9/2025,Classic Roast,Folgers,21.99,Ground Coffee,Coffee & Tea
Albertsons,11/26/2025,Classic Roast,Folgers,24.99,Ground Coffee,Coffee & Tea
Ralphs,4/19/2025,"Classic Roast Each, 25.9 Ounces",Folgers,7.99,Ground Coffee,Coffee & Tea
Ralphs,5/17/2026,Classic Roast Ground Coffee  Medium Roast,Folgers,24.99,Ground Coffee,Coffee & Tea
Albertsons,12/4/2025,Classic Thin Crust Supreme Frozen Pizza,DiGiorno,5.44,Frozen Pizza,Frozen
Albertsons,4/16/2026,Classic Thin Crust Supreme Frozen Pizza,DiGiorno,6.92,Frozen Pizza,Frozen
Albertsons,10/30/2025,Classic White Roundtop Bread,Wonder,3.71,White Bread,Bakery
Albertsons,11/21/2025,Classic White Roundtop Bread,Wonder,4.37,White Bread,Bakery
Albertsons,11/12/2025,Classic White Roundtop Bread,Wonder,4.49,White Bread,Bakery
Albertsons,10/10/2025,Clean Comfort Body Wash,Dove Men Care,16.99,Body Wash,Personal Care
Vons,6/13/2025,Club Soda 1lt,Canada Dry,2.45,Club Soda,Beverages
Albertsons,3/31/2026,Club Soda 6-10fz,Canada Dry,7.49,Club Soda,Beverages
Amazon Fresh,2/13/2026,"Cobb Salad With Chicken & Bacon, 6.4 Oz",Amazon Fresh Brand,2.97,Prepared Salad,Deli
Albertsons,11/6/2025,Coca Cola Caffeine Free 12-12fz,Coca Cola,10.99,Coca-Cola,Beverages
Albertsons,2/13/2026,Coca Cola Caffeine Free 12-12fz,Coca Cola,11.73,Coca-Cola,Beverages
Albertsons,8/12/2025,Coca Cola Classic 12-12fz,Coca Cola,10.59,Coca-Cola,Beverages
Albertsons,8/20/2025,Coca Cola Classic 12-12fz,Coca Cola,10.99,Coca-Cola,Beverages
Albertsons,6/28/2025,Coca Cola Classic 12-12fz,Coca Cola,10.84,Coca-Cola,Beverages
Albertsons,6/28/2025,Coca Cola Classic 12-12fz,Coca Cola,10.84,Coca-Cola,Beverages
Albertsons,11/12/2025,Coca Cola Orange Cream 12-12fz,Coca Cola,10.99,Coca-Cola,Beverages
Albertsons,1/9/2026,Coca Cola Zero Caffeine Free 12-12fz,Coca Cola,9.67,Coca-Cola,Beverages
Albertsons,10/26/2025,Coca Cola Zero Caffeine Free 12-12fz,Coca Cola,10.9,Coca-Cola,Beverages
Albertsons,8/20/2025,Coca Cola Zero Caffeine Free 12-12fz,Coca Cola,10.99,Coca-Cola,Beverages
Albertsons,11/12/2025,Coca Cola Zero Caffeine Free 12-12fz,Coca Cola,10.99,Coca-Cola,Beverages
Albertsons,3/13/2026,Coca Cola Zero Caffeine Free 12-12fz,Coca Cola,11.52,Coca-Cola,Beverages
Albertsons,1/4/2026,Coca Cola Zero Caffeine Free 12-12fz,Coca Cola,11.99,Coca-Cola,Beverages
Albertsons,12/8/2025,Coca Cola Zero Caffeine Free 12-12fz,Coca Cola,10.9,Coca-Cola,Beverages
Albertsons,12/8/2025,Coca Cola Zero Caffeine Free 12-12fz,Coca Cola,10.9,Coca-Cola,Beverages
Albertsons,4/16/2026,Coca Cola Zero Caffeine Free 12-12fz,Coca Cola,7.92,Coca-Cola,Beverages
Albertsons,4/16/2026,Coca Cola Zero Caffeine Free 12-12fz,Coca Cola,7.92,Coca-Cola,Beverages
Albertsons,4/16/2026,Coca Cola Zero Caffeine Free 12-12fz,Coca Cola,7.92,Coca-Cola,Beverages
Albertsons,10/30/2025,Coconut 21fz,Electrolit,2.79,Sports Drink,Beverages
Albertsons,3/4/2026,Coconut 21fz,Electrolit,2.99,Sports Drink,Beverages
Albertsons,3/4/2026,Coconut 21fz,Electrolit,2.99,Sports Drink,Beverages
Albertsons,11/6/2025,Coconut 21fz,Electrolit,3.29,Sports Drink,Beverages
Albertsons,11/6/2025,Coconut 21fz,Electrolit,3.29,Sports Drink,Beverages
Albertsons,1/9/2026,Coconut 21fz,Electrolit,3.38,Sports Drink,Beverages
Albertsons,1/9/2026,Coconut 21fz,Electrolit,3.38,Sports Drink,Beverages
Albertsons,8/7/2025,Coconut Milk & Tumeric Conditioner 16.5 Fz,Native,7.99,Body Wash/Soap,Personal Care
Albertsons,8/7/2025,Coconut Milk & Tumeric Shampoo 16.5 Fz,Native,7.99,Body Wash/Soap,Personal Care
Albertsons,9/9/2025,Coffee Bitches Brew,Groundwork Coffee,19.99,Ground Coffee,Coffee & Tea
Albertsons,1/4/2026,Coffee Pods Vanilla Chai 12 Ct,Signature Select,5.99,Coffee Pods,Coffee & Tea
Amazon Fresh,4/2/2026,Coleslaw Kit 14oz,Taylor Farms,2.49,Salad Kit,Produce
Albertsons,6/4/2025,Color Box - Yellow/orange,,5.99,Greeting Cards/Wrap,Party & Stationery
Albertsons,6/4/2025,Color Box Green/white,,5.99,Greeting Cards/Wrap,Party & Stationery
Albertsons,10/10/2025,Condensed Milk Sweetened,Signature Select,3.99,Condensed Milk,Dairy
Albertsons,10/10/2025,Condensed Milk Sweetened,Signature Select,3.99,Condensed Milk,Dairy
Albertsons,11/23/2025,Condensed Spicy Tomato Soup 10.5 Oz Can,Campbell's,1.99,Tomato Soup,Pantry
Albertsons,10/23/2025,Constellation Tomatoes Bowl,NatureSweet,5.99,Tomatoes,Produce
Albertsons,2/13/2026,Cookies Chocolate Chip Message 12in,,12.7,Cookies,Bakery
Albertsons,11/19/2025,Cookies Chocolate Chip Message 12in,,13.67,Cookies,Bakery
Albertsons,1/4/2026,Cookies Fig Bars 14oz,Signature Select,3.99,Cookies,Bakery
Albertsons,6/12/2025,Cooking Spray Avocado Oil (5 Fl Oz),Signature Select,6.99,Cooking Oil,Pantry
Ralphs,4/9/2026,Cool Mint Flavored Sugar Free Mints Puck  1.5 oz,ICE BREAKERS,4.79,Mints/Gum,Candy
Albertsons,2/28/2026,Cool Mint Mouthwash,Listerine,3.49,Mouthwash,Personal Care
Albertsons,7/13/2025,Coors Light Aluminum Pint Bottles,Coors Light,14.99,Beer,Alcohol
Albertsons,8/17/2025,Cream Of Chicken Condensed Soup,Campbell's,2.27,Condensed Soup,Pantry
Albertsons,8/17/2025,Cream Of Chicken Condensed Soup,Campbell's,2.27,Condensed Soup,Pantry
Albertsons,8/17/2025,Cream Of Chicken Condensed Soup,Campbell's,2.27,Condensed Soup,Pantry
Albertsons,8/17/2025,Cream Of Chicken Condensed Soup,Campbell's,2.27,Condensed Soup,Pantry
Albertsons,8/17/2025,Cream Of Chicken Condensed Soup,Campbell's,2.27,Condensed Soup,Pantry
Albertsons,12/4/2025,Cream Style Horseradish,Morehouse,2.28,Horseradish,Pantry
Albertsons,10/10/2025,Creamy Cheddar Cheese 10 Slices Interleaved,Sargento,3.99,Cheddar Cheese,Dairy
Ralphs,5/3/2026,Crisp Apple Prebiotic Soda Can  12 fl oz,Olipop,2.0,Prebiotic Soda,Beverages
Ralphs,7/20/2025,Crushed Peeled Tomatoes in Tomato Puree  15 oz,Kroger,1.29,Crushed Tomatoes,Pantry
Albertsons,2/28/2026,Crushed Tomatoes 15 Ounce,Signature Select,1.5,Crushed Tomatoes,Pantry
Albertsons,9/11/2025,Crushed Tomatoes Heavy Puree 28 Ounce,Signature Select,2.48,Crushed Tomatoes,Pantry
Albertsons,9/11/2025,Crushed Tomatoes Heavy Puree 28 Ounce,Signature Select,2.48,Crushed Tomatoes,Pantry
Albertsons,12/13/2025,Cucumbers,,0.69,Cucumbers,Produce
Albertsons,10/10/2025,Cucumbers Hot House Long English,,1.99,Cucumbers,Produce
Albertsons,10/12/2025,Cucumbers Long English,,1.98,Cucumbers,Produce
Albertsons,6/4/2025,Cup Noodles Stir Fry Japanese Teriyaki Chicken,Nissin,2.0,Instant Noodles,Pantry
Albertsons,6/4/2025,Cup Noodles Stir Fry Thai Yellow Curry,Nissin,2.0,Instant Noodles,Pantry
Albertsons,9/11/2025,Cut Ziti Pasta,Barilla,1.28,Ziti,Pantry
Albertsons,9/11/2025,Cut Ziti Pasta,Barilla,1.28,Ziti,Pantry
Albertsons,2/28/2026,Daily Moisturizing Lotion,Aveeno,11.99,Lotion,Personal Care
Albertsons,10/20/2025,Dark Chocolate & Coconut Standard Bar,Mounds,1.25,Mounds,Candy
Albertsons,4/12/2026,Deli Select Ultra Thin Honey Ham,Hillshire Farm,3.74,Deli Ham,Deli
Albertsons,12/4/2025,Deli Select Ultra Thin Honey Ham,Hillshire Farm,3.96,Deli Ham,Deli
Albertsons,12/8/2025,Deli Select Ultra Thin Honey Ham,Hillshire Farm,3.97,Deli Ham,Deli
Albertsons,8/20/2025,Deli Select Ultra Thin Honey Ham,Hillshire Farm,4.99,Deli Ham,Deli
Albertsons,7/22/2025,Deli Select Ultra Thin Honey Ham,Hillshire Farm,6.77,Deli Ham,Deli
Albertsons,8/20/2025,Deli Select Ultra Thin Honey Roasted Turkey,Hillshire Farm,4.99,Deli Turkey,Deli
Albertsons,11/21/2025,Deli Select Ultra Thin Honey Roasted Turkey,Hillshire Farm,6.78,Deli Turkey,Deli
Albertsons,11/12/2025,Deli Select Ultra Thin Honey Roasted Turkey,Hillshire Farm,6.99,Deli Turkey,Deli
Albertsons,1/4/2026,Deli Select Ultra Thin Honey Roasted Turkey,Hillshire Farm,6.99,Deli Turkey,Deli
Albertsons,6/28/2025,Deli Select Ultra Thin Pastrami,Hillshire Farm,3.94,Pastrami,Deli
Albertsons,8/20/2025,Deli Select Ultra Thin Pastrami,Hillshire Farm,4.99,Pastrami,Deli
Albertsons,4/12/2026,Deli Select Ultra Thin Turkey Oven Roasted,Hillshire Farm,3.74,Deli Turkey,Deli
Albertsons,6/28/2025,Deli Select Ultra Thin Turkey Oven Roasted,Hillshire Farm,3.94,Deli Turkey,Deli
Albertsons,11/26/2025,Deli Select Ultra Thin Turkey Oven Roasted,Hillshire Farm,6.86,Deli Turkey,Deli
Albertsons,11/12/2025,Deli Select Ultra Thin Turkey Oven Roasted,Hillshire Farm,6.99,Deli Turkey,Deli
Albertsons,4/16/2026,Deli Select Ultra Thin Turkey Oven Roasted,Hillshire Farm,2.97,Deli Turkey,Deli
Albertsons,4/16/2026,Deli Select Ultra Thin Turkey Oven Roasted,Hillshire Farm,2.97,Deli Turkey,Deli
Albertsons,2/28/2026,Deli Sliced Golden Greek Pepperoncini,Mezzetta,5.29,Pepperoncini,Pantry
Albertsons,10/26/2025,Deluxe Cinnamon Raisin Bagels,Sara Lee,3.96,Bagels,Bakery
Albertsons,1/25/2026,Deluxe Four Cheese Macaroni And Cheese Dinner,Kraft,3.96,Cheese,Dairy
Albertsons,10/12/2025,Deluxe Four Cheese Macaroni And Cheese Dinner,Kraft,4.46,Cheese,Dairy
Albertsons,2/28/2026,Deluxe Four Cheese Macaroni And Cheese Dinner,Kraft,4.49,Cheese,Dairy
Albertsons,6/4/2025,Deluxe Macaroni & Cheese Dinner,Kraft,4.49,Cheese,Dairy
Albertsons,3/12/2026,Department Key Sales Meat,,9.66,Department Key,Other
Albertsons,1/4/2026,Department Key Sales Produce,,3.99,Department Key,Other
Ralphs,12/28/2025,DHA Omega-3 Milk - DHA Whole Milk  1/2 gal,Horizon Organic,5.99,Milk,Dairy
Ralphs,7/20/2025,DHA Omega-3 Milk - DHA Whole Milk  1/2 gal,Horizon Organic,6.49,Milk,Dairy
Ralphs,5/1/2026,DHA Omega-3 Milk - DHA Whole Milk  1/2 gal,Horizon Organic,6.99,Milk,Dairy
Albertsons,6/28/2025,Dijon Mustard (12 Oz),O Organics,3.94,Mustard,Pantry
Albertsons,4/5/2026,Dill Pickle 7.75oz,Lay's,4.19,Chips,Snacks
Albertsons,7/17/2025,Dip Hot Bean 9oz,Fritos,4.28,Corn Chips,Snacks
Albertsons,7/17/2025,Dip Hot Bean 9oz,Fritos,4.28,Corn Chips,Snacks
Albertsons,4/12/2026,Diphenhydramine Antihistamine Allergy Tablets 24ct,Signature Select/Care,6.54,Allergy Medicine,Personal Care
Albertsons,6/28/2025,Dish Washing Liquid Citrus (19 Fl Oz),Open Nature,3.45,Dish Soap,Household
Albertsons,10/10/2025,Dish Washing Liquid Citrus 19 Fl Oz,Open Nature,3.49,Dish Soap,Household
Albertsons,10/10/2025,Dish Washing Liquid Citrus 19 Fl Oz,Open Nature,3.49,Dish Soap,Household
Albertsons,11/19/2025,Dog Partyconventional 8.95,Papyrus,8.74,Greeting Cards/Wrap,Party & Stationery
Albertsons,11/21/2025,Donation,,1.0,Donation,Other
Albertsons,8/7/2025,Dressing Caesar Salad,Marie's,4.99,Salad Dressing,Pantry
Albertsons,9/19/2025,Dressing Creamy Caesar,Bolthouse,4.79,Salad Dressing,Pantry
Ralphs,5/20/2026,Dry Rub Ritas & Fajitas All-Purpose Seasoning,Blues Hog,7.49,Seasoning Mix,Pantry
Albertsons,6/28/2025,Duo-cubes Tbc Sapphire Waters,Soft Scrub,4.44,Toilet Cleaner,Household
Ralphs,7/20/2025,Early Harvest Petite Peas Frozen Vegetable  16 OZ,Birds Eye C&W,2.99,Frozen Peas,Frozen
Albertsons,3/13/2026,Electrolit Blue Raspberry 21fz,Electrolit,3.37,Sports Drink,Beverages
Albertsons,3/13/2026,Electrolit Strawberry Kiwi 21fz,Electrolit,3.37,Sports Drink,Beverages
Albertsons,3/13/2026,Electrolit Watermelon Lime 21fz,Electrolit,3.36,Sports Drink,Beverages
Albertsons,2/27/2026,Everyday Mini Muffin Pan 24cp,Good Cook,18.49,Bakeware,Kitchen
Albertsons,7/22/2025,Extra Watermelon 35 Pack,Extra,4.35,Cantaloupe,Produce
Albertsons,7/22/2025,Extra Watermelon 35 Pack,Extra,4.36,Cantaloupe,Produce
Albertsons,6/28/2025,Extra Watermelon 35 Pack,Extra,4.93,Cantaloupe,Produce
Albertsons,11/21/2025,Extra Watermelon 35 Pack,Extra,5.81,Cantaloupe,Produce
Albertsons,11/30/2025,Extra Watermelon 35 Pack,Extra,5.99,Cantaloupe,Produce
Albertsons,10/12/2025,Extra Watermelon 35 Pack,Extra,4.94,Cantaloupe,Produce
Albertsons,10/12/2025,Extra Watermelon 35 Pack,Extra,4.94,Cantaloupe,Produce
Albertsons,8/17/2025,Extra Watermelon 35 Pack,Extra,4.45,Cantaloupe,Produce
Albertsons,8/17/2025,Extra Watermelon 35 Pack,Extra,4.45,Cantaloupe,Produce
Albertsons,8/17/2025,Extra Watermelon 35 Pack,Extra,4.45,Cantaloupe,Produce
Albertsons,3/12/2026,Extra Wide Egg Noodles 16 Ounce,Signature Select,3.99,Eggs,Dairy
Albertsons,3/31/2026,Family Style Corn,Del Monte,2.5,Frozen Corn,Frozen
Albertsons,3/31/2026,Family Style Corn,Del Monte,2.5,Frozen Corn,Frozen
Albertsons,1/25/2026,Farmhouse Summer Sausage,Hickory Farms,5.94,Summer Sausage,Deli
Albertsons,9/11/2025,Farmstyle Shred Whole Milk Mozzarella Cheese 8oz,Tillamook,2.96,Mozzarella Cheese,Dairy
Albertsons,9/11/2025,Farmstyle Shred Whole Milk Mozzarella Cheese 8oz,Tillamook,2.96,Mozzarella Cheese,Dairy
Ralphs,12/28/2025,Favorites Milk Chocolate Brownie Mix  16.3 oz,Betty Crocker,1.99,Cake/Brownie Mix,Baking
Ralphs,9/28/2025,Favorites Super Moist Yellow Cake Mix  13.25 oz,Betty Crocker,2.79,Cake/Brownie Mix,Baking
Albertsons,7/13/2025,Fee Hi Soft Drinks 9 Pack Fs,,0.8,Soft Drinks,Beverages
Albertsons,4/5/2026,Feta Basil & Tomato Natural Crumbled Cheese,Athenos,4.87,Feta Cheese,Dairy
Albertsons,7/26/2025,Fettuccine No6,De Cecco,3.49,Fettuccine,Pantry
Albertsons,3/9/2026,Fettuccine Sausage & Peppers Meal Kit,Rana,7.74,Refrigerated Meal Kit,Refrigerated
Albertsons,3/9/2026,Fettuccine Sausage & Peppers Meal Kit,Rana,7.74,Refrigerated Meal Kit,Refrigerated
Albertsons,4/12/2026,First Aid Spray,Dermoplast,12.15,First Aid Spray,Personal Care
Ralphs,7/20/2025,Flat Anchovies in Olive Oil & Salt  2 oz,Kroger,2.89,Anchovies,Pantry
Albertsons,10/12/2025,Flour Unbleached 5 Pound,Signature Select,3.46,Flour,Baking
Albertsons,11/6/2025,Flushable Wipes 4 Pk,Cottonelle,8.99,Flushable Wipes,Personal Care
Albertsons,3/25/2026,Fragrance Free Flushable Wipes 4 Pk,Cottonelle,9.27,Flushable Wipes,Personal Care
Albertsons,7/13/2025,Free Range Large Brown Eggs Grade A,Nellie's,5.89,Eggs,Dairy
Albertsons,10/26/2025,Free Range Large Brown Eggs Grade A,Nellie's,5.94,Eggs,Dairy
Albertsons,10/23/2025,Free Range Large Brown Eggs Grade A,Nellie's,5.99,Eggs,Dairy
Albertsons,10/12/2025,Free Range Large Brown Eggs Grade A,Nellie's,6.92,Eggs,Dairy
Albertsons,4/12/2026,Free Range Large Grade A Eggs,Happy Egg,5.61,Eggs,Dairy
Albertsons,12/8/2025,Free Range Large Grade A Eggs,Happy Egg,5.94,Eggs,Dairy
Albertsons,1/25/2026,Free Range Large Grade A Eggs,Happy Egg,5.94,Eggs,Dairy
Albertsons,3/4/2026,Free Range Large Grade A Eggs,Happy Egg,5.99,Eggs,Dairy
Albertsons,3/16/2026,Free Range Large Grade A Eggs,Happy Egg,7.99,Eggs,Dairy
Albertsons,3/25/2026,Free Range Organic Grade A Large Eggs,Happy Egg,6.83,Eggs,Dairy
Albertsons,3/31/2026,Free Range Organic Grade A Large Eggs,Happy Egg,6.99,Eggs,Dairy
Ralphs,10/19/2025,Fresh Bunch of Bananas  1 Bunch,,0.69,Bananas,Produce
Ralphs,12/28/2025,Fresh Bunch of Organic Bananas  1 bunch,,0.99,Bananas,Produce
Ralphs,9/28/2025,Fresh Large Lemon - Each  1 each,,0.79,Lemons,Produce
Ralphs,9/28/2025,Fresh Limes - Each  1 each,,0.5,Limes,Produce
Ralphs,10/19/2025,Fresh Limes - Each  1 each,,0.5,Limes,Produce
Ralphs,7/20/2025,Fresh Medium Ripe Avocado  1 each,,1.25,Avocados,Produce
Ralphs,4/19/2025,Fresh On the Vine Red Tomatoes  1 lb,,5.95,Tomatoes,Produce
Ralphs,12/28/2025,Fresh Organic Lemon - Each  1 each,,1.29,Lemons,Produce
Ralphs,4/19/2025,Fresh Organic Lemon - Each  1 each,,1.49,Lemons,Produce
Ralphs,7/20/2025,Fresh Red Hothouse Bell Pepper  1 ct,,1.49,Bell Peppers,Produce
Ralphs,5/20/2026,Fresh Red Plum - Each  1 ct,,3.0,Plums,Produce
Ralphs,5/17/2026,Fresh Red Raspberries - 6 OZ Clamshell,,2.5,Raspberries,Produce
Ralphs,10/19/2025,Fresh Roma Tomato  1 ct,,0.99,Tomatoes,Produce
Albertsons,9/11/2025,Fried French Onions,French's,5.92,French Fried Onions,Pantry
Albertsons,11/30/2025,Fries Ranch 5.25oz,Chester's,2.99,Chips,Snacks
Ralphs,5/23/2026,Frozen Crispy Shrimp Japchae Spring Rolls,Bibigo,4.99,Spring Rolls,Frozen
Ralphs,5/12/2026,Frozen Sweet Green Peas  32 oz,Kroger,3.49,Frozen Peas,Frozen
Albertsons,2/20/2026,Fruit Punch 21fz,Electrolit,2.75,Sports Drink,Beverages
Albertsons,1/9/2026,Fruity Pebbles,Post,6.08,Cereal/Pancake Mix,Breakfast
Albertsons,7/25/2025,Fsc Med Ball Occasion,Papyrus,6.95,Greeting Cards/Wrap,Party & Stationery
Albertsons,12/10/2025,Fudge Peanut Butter Cookies 7 Oz,Signature Select,2.88,Cookies,Bakery
Ralphs,4/26/2026,Full Size Candy Bar Crispety Crunchety,Butterfinger,2.49,Butterfinger,Candy
Albertsons,11/6/2025,Funyuns 2oz,Funyuns,2.69,Chips,Snacks
Albertsons,2/28/2026,Funyuns 2oz,Funyuns,2.69,Chips,Snacks
Albertsons,2/28/2026,Funyuns 2oz,Funyuns,2.69,Chips,Snacks
Albertsons,8/6/2025,Funyuns 5.25oz,Funyuns,2.99,Chips,Snacks
Ralphs,4/16/2025,"Garlic & Fine Herbs Gourmet Cheese, 5.3 oz",Boursin,4.0,Specialty Cheese,Dairy
Albertsons,9/13/2025,Garlic Ajo Minced Squeeze Prepacked,Spice World,4.79,Minced Garlic,Produce
Albertsons,12/10/2025,Garlic Ajo Minced Squeeze Prepacked,Spice World,4.79,Minced Garlic,Produce
Albertsons,6/12/2025,Garlic Ajo Minced Squeeze Prepacked,Spice World,4.99,Minced Garlic,Produce
Albertsons,3/16/2026,Garlic Bulbs Organic,O Organics,1.99,Garlic,Produce
Albertsons,11/8/2025,Garlic Bulk Small,,0.5,Garlic,Produce
Albertsons,3/31/2026,Garlic Bulk Small,,0.5,Garlic,Produce
Albertsons,3/31/2026,Garlic Bulk Small,,0.5,Garlic,Produce
Albertsons,3/31/2026,Garlic Bulk Small,,0.5,Garlic,Produce
Albertsons,9/11/2025,Garlic Texas Toast,New York,3.47,Peppermint Patty,Candy
Albertsons,4/12/2026,Gas Relief Peppermint Chewable Tablets 18 Count,Signature Select/Care,6.07,Gas Relief,Personal Care
Albertsons,3/13/2026,Gatorlyte Pineapple Mango 20fz,Gatorlyte,3.37,Sports Drink,Beverages
Ralphs,2/2/2026,Ginger Ale Soda Mini Cans  10 pk / 7.5 fl oz,Canada Dry,7.49,Ginger Ale,Beverages
Albertsons,12/31/2025,Ginger Ale Zero Sugar 6-7.5fz,Canada Dry,5.99,Ginger Ale,Beverages
Albertsons,1/25/2026,Ginger Ale Zero Sugar 6-7.5fz,Canada Dry,7.91,Ginger Ale,Beverages
Albertsons,11/8/2025,Ginger Root (0.11lb),,0.44,Ginger Root,Produce
Albertsons,4/8/2026,Ginger Root (0.19lb),,0.69,Ginger Root,Produce
Albertsons,2/18/2026,Ginger Root (0.19lb),,0.73,Ginger Root,Produce
Albertsons,11/30/2025,Ginger Root (0.23lb),,0.92,Ginger Root,Produce
Albertsons,7/13/2025,Ginger Squeeze,Spice World,5.89,Ginger Root,Produce
Ralphs,10/19/2025,Gluten Free Quick Cooking Rolled Oats - 28 oz,Bob's Red Mill,9.69,Oatmeal,Breakfast
Ralphs,10/19/2025,Gold Potatoes  5 lb,Kroger,5.99,Gold Potatoes,Produce
Albertsons,4/5/2026,Gold Potatoes Bag,Signature Select/Farms,2.45,Gold Potatoes,Produce
Albertsons,12/13/2025,Gold Potatoes Bag,Signature Select/Farms,3.94,Gold Potatoes,Produce
Albertsons,7/13/2025,Gold Potatoes Bag,Signature Select/Farms,4.92,Gold Potatoes,Produce
Albertsons,11/26/2025,Gourmet Organic Ground Cloves,McCormick,9.94,Cloves,Pantry
Albertsons,12/13/2025,Gourmet Sesame Seed Toasted 1.62 Oz,McCormick,6.31,Sesame Seeds,Pantry
Albertsons,8/7/2025,Grande Chicken Caesar Salad,Bonduelle,5.99,Prepared Salad,Deli
Albertsons,12/8/2025,Grapes Red Seedless (2.81lb),,8.33,Grapes,Produce
Albertsons,12/4/2025,Gravy Mix Au Jus,Lawry's,2.98,Seasoning Mix,Pantry
Albertsons,7/17/2025,Greek Pita Flat Bread White,Papa Pita,2.85,Pita Bread,Bakery
Albertsons,6/1/2025,Greek Yogurt Nonfat Plain (5.3 Oz),Lucerne,1.8,Greek Yogurt,Dairy
Albertsons,8/24/2025,Greek Yogurt Whole Milk Plain 5.3 Oz,Lucerne,1.0,Greek Yogurt,Dairy
Albertsons,8/24/2025,Greek Yogurt Whole Milk Plain 5.3 Oz,Lucerne,1.0,Greek Yogurt,Dairy
Albertsons,11/6/2025,Green Beans 12oz,Taylor Farms,2.99,Salad Kit,Produce
Ralphs,12/28/2025,Green Cabbage  1 ct,,1.19,Cabbage,Produce
Albertsons,1/18/2026,Green Peas 32 Oz,Signature Select,2.99,Frozen Peas,Frozen
Albertsons,3/16/2026,Green Peas 32 Oz,Signature Select,4.99,Frozen Peas,Frozen
Albertsons,6/1/2025,Green Peas Petite Steam Bag (12 Oz),Signature Select,2.51,Frozen Peas,Frozen
Albertsons,7/25/2025,Greens Mixed,,5.99,Mixed Greens,Produce
Vons,6/13/2025,Grenadine Syrup,Rose's,4.87,Grenadine,Pantry
Ralphs,4/27/2026,Grill Heavy Duty Non-Stick Aluminum Foil,Reynolds Wrap,5.99,Foil/Parchment,Household
Albertsons,12/4/2025,Grnd Turkey 93% Lean Grnd 7% Fat 1 Lb,Open Nature,7.92,Ground Turkey,Meat
Amazon Fresh,2/6/2026,"Ground Beef, 80% Lean/20% Fat, 3 lb (Pack of 3)",Amazon Grocery,19.47,Ground Beef,Meat
Albertsons,3/31/2026,Ground Chicken 16 Oz,Open Nature,8.99,Ground Chicken,Meat
Albertsons,1/25/2026,Ground Cinnamon,McCormick,4.09,Cinnamon,Pantry
Ralphs,7/20/2025,Ground White Pepper Shaker  1.87 oz,Kroger,4.99,Ground Pepper,Pantry
Albertsons,11/12/2025,Half & Half,Horizon Organic,6.99,Half & Half,Dairy
Albertsons,3/25/2026,Half & Half Grade A Uht 32 Fluid Ounce,O Organics,5.85,Half & Half,Dairy
Albertsons,11/26/2025,Half & Half Grade A Uht 32 Fluid Ounce,O Organics,5.88,Half & Half,Dairy
Albertsons,12/13/2025,Half & Half Grade A Uht 32 Fluid Ounce,O Organics,5.91,Half & Half,Dairy
Albertsons,10/12/2025,Half & Half Grade A Uht 32 Fluid Ounce,O Organics,5.93,Half & Half,Dairy
Albertsons,8/20/2025,Half & Half Grade A Uht 32 Fluid Ounce,O Organics,5.99,Half & Half,Dairy
Albertsons,2/18/2026,Half & Half Grade A Uht 32 Fluid Ounce,O Organics,5.99,Half & Half,Dairy
Albertsons,7/13/2025,Half And Half Ultra Pasteurized,Lucerne,5.89,Half & Half,Dairy
Ralphs,4/9/2026,Hambeens® Regular 15 Bean Soup®  20 oz,Hurst's,3.49,Baked Beans,Pantry
Ralphs,12/28/2025,Hambeens® Regular 15 Bean Soup®  20 oz,Hurst's,3.99,Baked Beans,Pantry
Albertsons,9/1/2025,Hand Wipes Fresh Scent Canister,Wet Ones,4.4,Hand Wipes,Personal Care
Albertsons,9/1/2025,Hand Wipes Fresh Scent Canister,Wet Ones,4.41,Hand Wipes,Personal Care
Ralphs,4/19/2025,Hardwood Smoked Sausage Beef Link  12 oz,Kroger,3.5,Smoked Sausage,Meat
Ralphs,4/19/2025,Hardwood Smoked Sausage Pork and Beef Link  14 oz,Kroger,3.5,Smoked Sausage,Meat
Albertsons,4/12/2026,Hd 10in Plate Flowers Bloom,Dixie,7.0,Paper Plates,Paper Goods
Albertsons,7/26/2025,Heavy Whip Cream Original,Silk,6.49,Heavy Whipping Cream,Dairy
Albertsons,11/26/2025,Heavy Whipping Cream,Horizon Organic,7.35,Heavy Whipping Cream,Dairy
Albertsons,12/13/2025,Heavy Whipping Cream,Horizon Organic,7.36,Heavy Whipping Cream,Dairy
Albertsons,10/12/2025,Hoisin Sauce-squeeze Bottle,Lee Kum Kee,4.46,Hoisin Sauce,Pantry
Albertsons,10/23/2025,Homestyle Chili With Beans,Hormel,2.99,Chili,Pantry
Albertsons,10/23/2025,Homestyle Chili With Beans,Hormel,2.99,Chili,Pantry
Albertsons,6/28/2025,Honey (40 Oz),O Organics,11.83,Honey,Pantry
Albertsons,1/9/2026,Honey Wheat,Nature's Harvest,3.86,Honey Wheat Bread,Bakery
Albertsons,3/16/2026,Honey Wheat Bread,Nature's Own,3.49,Honey Wheat Bread,Bakery
Albertsons,3/31/2026,Honey Wheat Bread,Nature's Own,3.49,Honey Wheat Bread,Bakery
Albertsons,4/16/2026,Honey Wheat Bread,Nature's Own,4.72,Honey Wheat Bread,Bakery
Albertsons,6/10/2025,Honey Wheat Bread,Nature's Own,4.77,Honey Wheat Bread,Bakery
Albertsons,4/8/2026,Honey Wheat Bread,Nature's Own,4.78,Honey Wheat Bread,Bakery
Albertsons,11/26/2025,Honey Wheat Bread,Nature's Own,4.91,Honey Wheat Bread,Bakery
Albertsons,6/28/2025,Honey Wheat Bread,Nature's Own,4.92,Honey Wheat Bread,Bakery
Albertsons,12/4/2025,Honey Wheat Bread,Nature's Own,4.94,Honey Wheat Bread,Bakery
Albertsons,8/20/2025,Honey Wheat Bread,Nature's Own,4.99,Honey Wheat Bread,Bakery
Albertsons,1/25/2026,Honey Wheat Bread,Nature's Own,5.24,Honey Wheat Bread,Bakery
Albertsons,2/27/2026,Honey Wheat Bread,Nature's Own,5.29,Honey Wheat Bread,Bakery
Ralphs,5/1/2026,"Honey Wheat Bread, Non-GMO Sandwich, 20 oz",Nature's Own,4.99,Honey Wheat Bread,Bakery
Amazon Fresh,2/6/2026,Horizon Organic DHA Omega-3 Milk  64 fl oz,Horizon Organic,5.99,Milk,Dairy
Albertsons,4/12/2026,Horizon Organic Half & Half,Horizon Organic,7.47,Half & Half,Dairy
Albertsons,9/11/2025,Horizon Organic Heavy Whipping Cream,Horizon Organic,7.39,Heavy Whipping Cream,Dairy
Albertsons,9/11/2025,Horizon Organic Heavy Whipping Cream,Horizon Organic,7.4,Heavy Whipping Cream,Dairy
Albertsons,3/31/2026,Horizon Organic Whole Milk Plus Dha,Horizon Organic,6.99,Milk,Dairy
Albertsons,7/13/2025,Horseradish Cream Style,,3.93,Horseradish,Pantry
Albertsons,12/4/2025,Hot Dog Buns,Ball Park,3.96,Hot Dogs,Meat
Albertsons,8/17/2025,Hot House Yellow Bell Peppers,,1.98,Bell Peppers,Produce
Albertsons,7/13/2025,Hot Italian Sausage Brick,Cantella's,4.92,Italian Sausage,Meat
Albertsons,1/25/2026,Hot Italian Sausage Brick,Cantella's,4.95,Italian Sausage,Meat
Albertsons,1/4/2026,Hot Italian Sausage Brick,Cantella's,6.49,Italian Sausage,Meat
Albertsons,2/28/2026,Hot Italian Sausage Brick,Cantella's,6.99,Italian Sausage,Meat
Albertsons,9/11/2025,Hot Italian Sausage Brick,Cantella's,4.93,Italian Sausage,Meat
Albertsons,11/21/2025,Hot Italian Sausage Brick,Cantella's,2.43,Italian Sausage,Meat
Albertsons,11/21/2025,Hot Italian Sausage Brick,Cantella's,2.43,Italian Sausage,Meat
Albertsons,12/10/2025,Hot Sauce,Cholula,5.27,Hot Sauce/Salsa,Pantry
Albertsons,2/28/2026,Hot Taco Seasoning Mix,McCormick,1.25,Seasoning Mix,Pantry
Albertsons,2/28/2026,Hot Taco Seasoning Mix,McCormick,1.25,Seasoning Mix,Pantry
Albertsons,12/4/2025,Hunger Bag Donation,,5.0,Donation,Other
Albertsons,2/18/2026,Ice Breakers Cool Mint Mints In A Tin,Ice Breakers,3.36,Mints/Gum,Candy
Albertsons,12/13/2025,Ice Breakers Cool Mint Mints In A Tin,Ice Breakers,3.94,Mints/Gum,Candy
Albertsons,1/25/2026,Ice Breakers Cool Mint Mints In A Tin,Ice Breakers,3.96,Mints/Gum,Candy
Albertsons,12/8/2025,Instant Oatmeal Maple Brown Sugar 8ct,Quaker,2.97,Sugar,Baking
Albertsons,11/12/2025,Iodized Salt,Morton,2.99,Salt,Pantry
Albertsons,4/5/2026,Item Name Not Found,,0.97,Unknown,Other
Albertsons,4/5/2026,Item Name Not Found,,0.97,Unknown,Other
Albertsons,4/5/2026,Item Name Not Found,,0.97,Unknown,Other
Albertsons,4/5/2026,Item Name Not Found,,0.97,Unknown,Other
Albertsons,3/31/2026,Item Name Not Found,,1.0,Unknown,Other
Albertsons,3/31/2026,Item Name Not Found,,1.0,Unknown,Other
Albertsons,3/31/2026,Item Name Not Found,,1.0,Unknown,Other
Albertsons,3/31/2026,Item Name Not Found,,1.0,Unknown,Other
Albertsons,3/31/2026,Item Name Not Found,,1.0,Unknown,Other
Ralphs,4/9/2026,Jalapeno Mini Bagel Sandwich Crackers  7.05 oz,Kroger,1.12,Crackers,Snacks
Albertsons,7/13/2025,Jambalaya Rice Mix,Zatarain's,3.93,Rice Mix,Pantry
Albertsons,6/28/2025,Juices To Go 100% Pure Apple Juice,Minute Maid,6.4,Apple Juice,Beverages
Ralphs,12/28/2025,Jumbo Yellow Onions  1 ct,,1.29,Onions,Produce
Ralphs,4/19/2025,Jumbo Yellow Onions  1 ct,,2.61,Onions,Produce
Albertsons,12/13/2025,Kale Tuscan Greens Chopped,,3.45,Kale,Produce
Albertsons,3/20/2026,Kale Tuscan Greens Chopped,,3.45,Kale,Produce
Albertsons,10/10/2025,Kale Tuscan Greens Chopped,,3.49,Kale,Produce
Albertsons,3/27/2026,Kefir Lf Peach,Lifeway,3.5,Kefir,Dairy
Albertsons,7/17/2025,Kettle Jalapeno 8oz,Lay's,4.56,Chips,Snacks
Albertsons,1/25/2026,Kidney Beans Dark Red 15 Ounce,Signature Select,0.89,Kidney Beans,Pantry
Albertsons,11/6/2025,King Size Candy Bar,Kit Kat,2.5,Kit Kat,Candy
Albertsons,10/13/2025,King Size Candy Bar,Kit Kat,2.66,Kit Kat,Candy
Albertsons,10/13/2025,King Size Candy Bar,Kit Kat,2.67,Kit Kat,Candy
Albertsons,12/4/2025,Korean Styl Crnch Chkn Swt & Spcy Sce,Bibigo,9.88,Frozen Korean Chicken,Frozen
Ralphs,7/20/2025,Kosher Dill Pickle Sandwich Slices Jar  20 FO,Claussen,5.99,Pickles,Pantry
Albertsons,12/31/2025,Kosher Salt Coarse 3 Lb,Signature Select,3.99,Salt,Pantry
Albertsons,12/13/2025,Leeks Organic (1.18lb),,2.91,Leeks,Produce
Albertsons,6/28/2025,Lemon Verbena Hand Soap Refill (32fz),Cleancult,9.86,Lemons,Produce
Albertsons,6/1/2025,Lemons Extra Large,,0.72,Lemons,Produce
Albertsons,6/1/2025,Lemons Extra Large,,0.72,Lemons,Produce
Albertsons,7/13/2025,Lemons Extra Large,,0.78,Lemons,Produce
Albertsons,7/13/2025,Lemons Extra Large,,0.78,Lemons,Produce
Albertsons,3/9/2026,Lemons Xlrg,,0.77,Lemons,Produce
Albertsons,3/9/2026,Lemons Xlrg,,0.77,Lemons,Produce
Albertsons,4/5/2026,Lemons Xlrg,,0.78,Lemons,Produce
Albertsons,4/5/2026,Lemons Xlrg,,0.78,Lemons,Produce
Albertsons,1/25/2026,Lemons Xlrg,,0.79,Lemons,Produce
Albertsons,1/25/2026,Lemons Xlrg,,0.79,Lemons,Produce
Albertsons,11/8/2025,Lemons Xlrg,,0.79,Lemons,Produce
Albertsons,11/8/2025,Lemons Xlrg,,0.79,Lemons,Produce
Albertsons,11/8/2025,Lemons Xlrg,,0.79,Lemons,Produce
Albertsons,6/1/2025,Lentils Red,Bob's Red Mill,7.19,Lentils,Pantry
Albertsons,4/12/2026,Lettuce Iceberg,,1.87,Lettuce,Produce
Albertsons,10/13/2025,Lid Scrub Plus Pads,Ocusoft,21.93,Eyelid Wipes,Personal Care
Ralphs,7/20/2025,Light Brown Sugar  32 oz,Kroger,2.99,Sugar,Baking
Ralphs,7/20/2025,Light Grey® 1 lb bag  1 lb,Celtic Sea Salt,10.49,Salt,Pantry
Albertsons,11/8/2025,Lightly Dried Chives,Gourmet Garden,5.42,Chives,Produce
Albertsons,12/31/2025,Limes,,0.34,Limes,Produce
Albertsons,12/31/2025,Limes,,0.34,Limes,Produce
Albertsons,9/2/2025,Liq Water Enhancer Orange Tangerine (1.62 Fl Oz),Signature Select,2.84,Water Enhancer,Beverages
Albertsons,7/17/2025,Liq Water Enhancer Orange Tangerine (1.62 Fl Oz),Signature Select,2.86,Water Enhancer,Beverages
Albertsons,9/2/2025,Liquid Water Enhancer Pineapple Mango (1.62 Fl Oz),Signature Select,2.84,Water Enhancer,Beverages
Albertsons,7/17/2025,Liquid Water Enhancer Pineapple Mango (1.62 Fl Oz),Signature Select,2.86,Water Enhancer,Beverages
Albertsons,6/10/2025,Liquid Water Enhancer Pineapple Mango (1.62 Fl Oz),Signature Select,2.87,Water Enhancer,Beverages
Albertsons,3/27/2026,Loaf Tuscan La Brea,La Brea,6.99,French Bread,Bakery
Albertsons,2/28/2026,Lotion,Aveeno,6.99,Lotion,Personal Care
Amazon Fresh,2/6/2026,Lowfat 2% Evaporated Milk,Nestle Carnation,1.72,Evaporated Milk,Dairy
Ralphs,5/12/2026,Low-Fat Coconut Blended Greek Yogurt  4 ct,Chobani,4.99,Greek Yogurt,Dairy
Ralphs,5/14/2026,Low-Fat Coconut Blended Greek Yogurt  4 ct,Chobani,4.99,Greek Yogurt,Dairy
Ralphs,10/19/2025,Low-Fat Coconut Blended Greek Yogurt  4 ct / 5.3 oz,Chobani,4.79,Greek Yogurt,Dairy
Ralphs,5/17/2026,Maple & Cured Bacon Baked Beans  28 oz,Bush's,3.49,Baked Beans,Pantry
Albertsons,2/28/2026,Marmalade Orange 18 Ounce,Signature Select,4.49,Marmalade,Pantry
Albertsons,6/28/2025,Measuring Cup Plastic 1.5,Good Cook,3.94,Bakeware,Kitchen
Albertsons,1/18/2026,Meat Bologna,Oscar Mayer,4.04,Bologna,Deli
Albertsons,10/30/2025,Meat Bologna,Oscar Mayer,5.56,Bologna,Deli
Albertsons,11/6/2025,Meat Bologna,Oscar Mayer,5.99,Bologna,Deli
Albertsons,3/20/2026,Meat Lovers Lasagna,Stouffer's,10.86,Frozen Lasagna,Frozen
Albertsons,1/4/2026,Meat Lovers Lasagna,Stouffer's,10.99,Frozen Lasagna,Frozen
Albertsons,11/19/2025,Med Sbirthdaybags 6.95,Papyrus,6.79,Greeting Cards/Wrap,Party & Stationery
Albertsons,6/28/2025,Medium Bottle,Good Cook,1.97,Bakeware,Kitchen
Albertsons,11/12/2025,Medium Cheddar Cheese Snacks,Tillamook,2.99,Cheddar Cheese,Dairy
Albertsons,11/12/2025,Medium Cheddar Cheese Snacks,Tillamook,2.99,Cheddar Cheese,Dairy
Albertsons,11/12/2025,Medium Cheddar Cheese Snacks,Tillamook,2.99,Cheddar Cheese,Dairy
Albertsons,1/18/2026,Medium Pitted Ripe Olives,Lindsay,2.49,Olives,Pantry
Albertsons,1/18/2026,Medium Pitted Ripe Olives,Lindsay,2.49,Olives,Pantry
Albertsons,7/13/2025,Melon Cantaloupe,,2.95,Cantaloupe,Produce
Ralphs,4/27/2026,Men's Pivoting Head 2-Blade Disposable Razors,Gillette Sensor2,13.99,Razors,Personal Care
Albertsons,9/19/2025,Mexican Caesar Salad Kit,Taylor Farms,4.49,Salad Kit,Produce
Albertsons,12/8/2025,Milano Milk Chocolate 6oz,Pepperidge Farm,4.96,Milano Cookies,Snacks
Albertsons,11/8/2025,Mild Italian Sausage Brick,Cantella's,4.53,Italian Sausage,Meat
Albertsons,7/13/2025,Mild Italian Sausage Brick,Cantella's,4.92,Italian Sausage,Meat
Albertsons,1/25/2026,Mild Italian Sausage Brick,Cantella's,4.95,Italian Sausage,Meat
Albertsons,1/4/2026,Mild Italian Sausage Brick,Cantella's,6.49,Italian Sausage,Meat
Albertsons,2/28/2026,Mild Italian Sausage Brick,Cantella's,6.99,Italian Sausage,Meat
Albertsons,8/12/2025,Mild Italian Sausage Brick,Cantella's,5.77,Italian Sausage,Meat
Albertsons,11/21/2025,Mild Italian Sausage Brick,Cantella's,2.43,Italian Sausage,Meat
Albertsons,11/21/2025,Mild Italian Sausage Brick,Cantella's,2.43,Italian Sausage,Meat
Albertsons,8/12/2025,Mild Italian Sausage Brick,Cantella's,3.85,Italian Sausage,Meat
Albertsons,8/12/2025,Mild Italian Sausage Brick,Cantella's,3.85,Italian Sausage,Meat
Albertsons,9/11/2025,Mild Italian Sausage Brick,Cantella's,4.93,Italian Sausage,Meat
Albertsons,9/11/2025,Mild Italian Sausage Brick,Cantella's,4.93,Italian Sausage,Meat
Albertsons,9/11/2025,Mild Italian Sausage Brick,Cantella's,4.93,Italian Sausage,Meat
Albertsons,4/19/2026,Milk Chocolate 2% Reduced Fat,Lucerne,1.49,Chocolate Milk,Dairy
Ralphs,2/2/2026,Milk Chocolate Caramel Cookie Candy Bar,Twix,3.49,Twix,Candy
Albertsons,4/16/2026,Milk Chocolate PB Lava Big Cup Standard Bar,Reese's,1.24,Reese's,Candy
Albertsons,9/9/2025,Milk Chocolate PB Lava Big Cup Standard Bar,Reese's,1.49,Reese's,Candy
Ralphs,1/19/2026,Milk Chocolate Peanut Butter Cups Candy Pack  1.5 oz,REESE'S,1.67,Reese's,Candy
Albertsons,11/19/2025,Milk Chocolate Thins,Kit Kat,5.86,Kit Kat,Candy
Albertsons,6/4/2025,Milk Chocolate Whole,Lucerne,2.99,Chocolate Milk,Dairy
Ralphs,7/20/2025,Minced Onion Shaker  6.25 oz,Kroger,4.99,Onion Powder,Pantry
Albertsons,11/19/2025,Miniatures,Kit Kat,5.85,Kit Kat,Candy
Albertsons,7/22/2025,Mint Organic,North Shore,3.67,Mint,Produce
Albertsons,11/8/2025,Miso Shelf Stable,Marukome,6.71,Miso,Pantry
Albertsons,6/10/2025,Mugs Large Embossed,Cascene,10.48,Mugs,Kitchen
Albertsons,6/10/2025,Mugs Large Embossed,Cascene,10.49,Mugs,Kitchen
Albertsons,10/23/2025,Mushrooms Pieces & Stems 4 Ounce,Signature Select,2.29,Canned Mushrooms,Pantry
Albertsons,10/23/2025,Mushrooms Pieces & Stems 4 Ounce,Signature Select,2.29,Canned Mushrooms,Pantry
Albertsons,12/4/2025,Mushrooms Pieces & Stems 4 Ounce,Signature Select,2.28,Canned Mushrooms,Pantry
Albertsons,12/4/2025,Mushrooms Pieces & Stems 4 Ounce,Signature Select,2.28,Canned Mushrooms,Pantry
Albertsons,12/4/2025,Mushrooms Pieces & Stems 4 Ounce,Signature Select,2.28,Canned Mushrooms,Pantry
Albertsons,12/4/2025,Mushrooms Pieces & Stems 4 Ounce,Signature Select,2.28,Canned Mushrooms,Pantry
Albertsons,3/31/2026,Mushrooms Pieces & Stems No Salt 4 Oz,Signature Select,2.29,Canned Mushrooms,Pantry
Albertsons,3/31/2026,Mushrooms Pieces & Stems No Salt 4 Oz,Signature Select,2.29,Canned Mushrooms,Pantry
Albertsons,3/31/2026,Mushrooms Pieces & Stems No Salt 4 Oz,Signature Select,2.29,Canned Mushrooms,Pantry
Albertsons,1/18/2026,Mushrooms White Sliced 8 Oz,O Organics,2.99,Canned Mushrooms,Pantry
Albertsons,1/18/2026,Mushrooms White Sliced 8 Oz,O Organics,2.99,Canned Mushrooms,Pantry
Ralphs,10/19/2025,Napa Cabbage  1 ct,,1.99,Napa Cabbage,Produce
Albertsons,2/18/2026,Nasal Stick Wintermint 2pk,BoomBoom,11.99,Mints/Gum,Candy
Albertsons,6/28/2025,Natural Care Fragrance Free Baby Wipes (56s),Huggies,2.47,Baby Wipes,Baby
Albertsons,12/10/2025,Natural Creamy Peanut Butter Spread,Jif,3.83,Peanut Butter,Pantry
Ralphs,4/24/2026,Non-Fat Peach on the Bottom Greek Yogurt,Chobani,1.2,Greek Yogurt,Dairy
Ralphs,5/14/2026,Non-Fat Peach on the Bottom Greek Yogurt,Chobani,1.79,Greek Yogurt,Dairy
Ralphs,5/1/2026,Non-Fat Raspberry on the Bottom Greek Yogurt,Chobani,1.2,Greek Yogurt,Dairy
Albertsons,7/13/2025,Nonpareil Capers,Star Import,2.75,Capers,Pantry
Albertsons,9/11/2025,Oil Garlic Chili Crunch 7.05 Ounce,Signature Select,4.93,Chili Oil,Pantry
Albertsons,3/12/2026,Oil Olive Extra Virgin Drizzle,Graza,14.99,Olive Oil,Pantry
Albertsons,12/10/2025,Oil Vegetable 24 Fz,Signature Select,3.36,Vegetable Oil,Pantry
Albertsons,4/12/2026,Ointment,Neosporin,7.47,Antibiotic Ointment,Personal Care
Albertsons,4/12/2026,Olives Manzanilla Stuffed Pimentos 14 Ounce,Signature Select,5.61,Olives,Pantry
Amazon Fresh,4/2/2026,Onion Powder  2.85 Oz,Amazon Grocery,1.02,Onion Powder,Pantry
Albertsons,12/31/2025,Onions Green Bunch Organic,,1.49,Green Onions,Produce
Albertsons,2/28/2026,Onions Red (0.89lb),,1.59,Onions,Produce
Albertsons,10/23/2025,Onions Shallots,,0.5,Shallots,Produce
Albertsons,3/12/2026,Onions Shallots,,0.5,Shallots,Produce
Albertsons,3/16/2026,Onions Shallots,,0.5,Shallots,Produce
Albertsons,3/16/2026,Onions Shallots,,0.5,Shallots,Produce
Albertsons,12/8/2025,Onions Sweet Peruvian 3 Pound,Signature Select,4.96,Onions,Produce
Albertsons,2/28/2026,Onions Sweet Peruvian 3 Pound,Signature Select,4.99,Onions,Produce
Albertsons,9/11/2025,Onions Yellow,Signature Farms,2.96,Onions,Produce
Albertsons,1/25/2026,Onions Yellow Sweet (0.85lb),,1.68,Onions,Produce
Albertsons,11/8/2025,Onions Yellow Sweet (1.87lb),,3.68,Onions,Produce
Albertsons,2/18/2026,Onions Yellow Sweet (3.16lb),,6.29,Onions,Produce
Albertsons,1/9/2026,Orange Family Size Chicken Breast,InnovAsian,13.54,Frozen Asian Entree,Frozen
Albertsons,12/13/2025,Orange Gelatin Mix,Jell-O,2.27,Gelatin/Pudding,Pantry
Ralphs,5/14/2026,Orange Squeeze Prebiotic Soda Can  12 fl oz,Olipop,2.0,Prebiotic Soda,Beverages
Albertsons,12/13/2025,Oregano Organic,North Shore Living,3.74,Oregano,Produce
Albertsons,12/8/2025,Organic Bananas (1.26lb),,1.25,Bananas,Produce
Albertsons,10/12/2025,Organic Bananas (1.52lb),,1.34,Bananas,Produce
Albertsons,8/20/2025,Organic Bananas (2.35lb),,2.09,Bananas,Produce
Amazon Fresh,4/2/2026,Organic Butternut Squash Ravioli  8 oz,365 Whole Foods,8.76,Butternut Squash Ravioli,Pantry
Amazon Fresh,4/2/2026,"Organic Cannellini Beans, 15.5 Ounce",365 Whole Foods,3.36,Cannellini Beans,Pantry
Albertsons,3/31/2026,Organic Celery,,2.99,Celery,Produce
Albertsons,1/4/2026,Organic Cilantro,,1.49,Cilantro,Produce
Ralphs,7/20/2025,Organic Free Range Large Eggs  12 ct,Pete & Gerry's,6.99,Eggs,Dairy
Albertsons,8/24/2025,Organic Free Range Large Grade A Eggs,Pete & Gerry's,6.99,Eggs,Dairy
Amazon Fresh,2/13/2026,Organic Half & Half  32oz,ORGANIC VALLEY,6.49,Half & Half,Dairy
Albertsons,2/28/2026,Organic Radishes Bunch,,1.79,Radishes,Produce
Ralphs,5/17/2026,Original - Medium Salsa  12 oz,Cholula,4.99,Hot Sauce/Salsa,Pantry
Ralphs,5/23/2026,Original - Medium Salsa  12 oz,Cholula,4.99,Hot Sauce/Salsa,Pantry
Ralphs,5/17/2026,Original Baked Beans  28 oz,Bush's,3.49,Baked Beans,Pantry
Ralphs,2/17/2026,Original Mini Bagel Sandwich Crackers  7.05 oz,Kroger,2.99,Crackers,Snacks
Ralphs,4/9/2026,Original Mini Bagel Sandwich Crackers  7.05 oz,Kroger,3.14,Crackers,Snacks
Albertsons,11/21/2025,Original Ranch Salad Dressing,Hidden Valley,5.63,Salad Dressing,Pantry
Ralphs,3/19/2026,Original Ranch Salad Dressing  16 fl oz,Hidden Valley,4.99,Salad Dressing,Pantry
Albertsons,2/18/2026,Original Spf 15,Carmex,1.99,Lip Balm,Personal Care
Albertsons,4/12/2026,Original Strength Cream,Benadryl,7.47,Anti-Itch Cream,Personal Care
Albertsons,11/26/2025,Original Sweet Rolls,King's Hawaiian,3.92,Sweet Rolls,Bakery
Albertsons,11/23/2025,Original Sweet Rolls,King's Hawaiian,3.99,Sweet Rolls,Bakery
Albertsons,7/13/2025,Original Sweet Rolls,King's Hawaiian,5.41,Sweet Rolls,Bakery
Albertsons,12/4/2025,Original Sweet Rolls,King's Hawaiian,5.44,Sweet Rolls,Bakery
Albertsons,12/8/2025,Oven Roasted Turkey Low Sodium,Hillshire Farm,3.97,Deli Turkey,Deli
Albertsons,8/17/2025,Paper Towel Thirsty Strong Double 4 Rl,Signature Select,9.9,Paper Towels,Paper Goods
Albertsons,11/30/2025,Paper Towel Thirsty Strong Double 6 Rl,Signature Select,12.99,Paper Towels,Paper Goods
Amazon Fresh,4/2/2026,Paprika  2.12 Oz,McCormick,2.5,Paprika,Pantry
Albertsons,9/11/2025,Parmesan Romano Shredded Cheese,Lucerne,3.46,Parmesan Cheese,Dairy
Albertsons,9/11/2025,Parmesan Romano Shredded Cheese,Lucerne,3.46,Parmesan Cheese,Dairy
Albertsons,7/26/2025,Parmesan Wedge Domestic,Primo Taglio,5.99,Parmesan Cheese,Dairy
Albertsons,3/12/2026,Parsley Flakes,McCormick,4.87,Parsley,Pantry
Albertsons,7/13/2025,Pasta Beef With Rich Beef Flavor (5.9oz),Hamburger Helper,4.94,Hamburger Helper,Pantry
Albertsons,2/28/2026,Pasta Beef With Rich Beef Flavor 5.9oz,Hamburger Helper,2.99,Hamburger Helper,Pantry
Albertsons,10/12/2025,Pasta Beef With Rich Beef Flavor 5.9oz,Hamburger Helper,2.77,Hamburger Helper,Pantry
Albertsons,10/12/2025,Pasta Beef With Rich Beef Flavor 5.9oz,Hamburger Helper,2.77,Hamburger Helper,Pantry
Ralphs,3/19/2026,Pasta Lasagna  6.9 oz,Hamburger Helper,2.49,Hamburger Helper,Pantry
Albertsons,12/22/2025,Pasta Lasagna 6.9oz,Hamburger Helper,2.79,Hamburger Helper,Pantry
Albertsons,2/28/2026,Pasta Lasagna 6.9oz,Hamburger Helper,2.99,Hamburger Helper,Pantry
Ralphs,5/23/2026,Peach Iced Tea Bottle  18.5 fl oz,Gold Peak,3.29,Iced Tea,Beverages
Albertsons,9/9/2025,Peaches,Signature Select/Farms,4.99,Peaches,Produce
Vons,6/13/2025,Peaches Yellow Large (0.93lb),,2.71,Peaches,Produce
Albertsons,8/12/2025,Peaches Yellow Large (1.04lb),,2.99,Peaches,Produce
Albertsons,8/20/2025,Peak Berries & Cream Oatmeal 5 Count,Kodiak,8.49,Oatmeal,Breakfast
Ralphs,4/9/2026,Peanut Butter Sandwich Crackers Multipack  8 ct,RITZ,3.99,Crackers,Snacks
Albertsons,10/26/2025,Peppermint Bark Ground Coffee 11 Oz,Signature Select,8.91,Ground Coffee,Coffee & Tea
Albertsons,4/12/2026,Peppermint Patty,York,1.17,Peppermint Patty,Candy
Albertsons,10/26/2025,Peppers Jalapeno (0.07lb),,0.07,Jalapenos,Produce
Albertsons,1/4/2026,Peppers Jalapeno (0.13lb),,0.13,Jalapenos,Produce
Albertsons,8/12/2025,Pepsi 20fz,Pepsi,2.4,Pepsi,Beverages
Albertsons,1/25/2026,Perfect Portions Gourmet Salmon Wet Cat Food Multi Pack,Sheba,12.82,Cat Food,Pet Care
Albertsons,7/13/2025,Perfect Portions Gourmet Salmon Wet Cat Food Multi Pack,Sheba,13.74,Cat Food,Pet Care
Albertsons,4/16/2026,Perfect Portions Gourmet Salmon Wet Cat Food Multi Pack,Sheba,14.84,Cat Food,Pet Care
Albertsons,12/8/2025,Pickle Snack Kosher Dill Petite 16 Fz,Signature Select,3.47,Pickles,Pantry
Albertsons,9/1/2025,Pink Salmon,Bumble Bee,6.83,Salmon,Seafood
Albertsons,9/19/2025,Pinot Noir Wine,Seaglass,14.43,Wine,Alcohol
Amazon Fresh,2/13/2026,Pita Bread Original  8.8oz,Roman's Bakehouse,2.8,Pita Bread,Bakery
Amazon Fresh,2/13/2026,"Pita Oven Baked Crackers, Sea Salt, 9.5oz",Town House,2.99,Salt,Pantry
Albertsons,3/20/2026,Pitted Kalamata Olives,Mezzetta,6.41,Olives,Pantry
Albertsons,6/12/2025,Plant Powered Hypoallergenic Liquid Dish Soap (25 Oz),Ecos,4.49,Dish Soap,Household
Vons,6/13/2025,Plus Vons La County Local Bags,Kdk Albertsons,1.95,Store Promo,Other
Ralphs,5/1/2026,Polska Kielbasa Smoked Sausage  14 OZ,Hillshire Farm,6.99,Kielbasa Sausage,Meat
Albertsons,3/20/2026,Potato Baker Bulk Organic (1.63lb),,4.02,Gold Potatoes,Produce
Ralphs,5/20/2026,Potato Chips Barbecue  7.75 oz,Lay's,1.99,Chips,Snacks
Amazon Fresh,2/6/2026,"Potato Chips, Original, 13oz Party Size Bag",Ruffles,5.54,Chips,Snacks
Albertsons,6/4/2025,Potatoes Fingerling White (0.68lb),,3.39,Gold Potatoes,Produce
Albertsons,8/24/2025,Potatoes Gold Baby (1.74lb),,6.94,Gold Potatoes,Produce
Albertsons,1/9/2026,Potatoes Gold Idaho,Signature Select/Farms,4.83,Gold Potatoes,Produce
Albertsons,9/19/2025,Potatoes Gold Idaho,Signature Select/Farms,5.99,Gold Potatoes,Produce
Albertsons,6/1/2025,Potatoes Russet (1.42lb),,1.27,Russet Potatoes,Produce
Albertsons,12/8/2025,Potatoes Russet (1.57lb),,1.54,Russet Potatoes,Produce
Albertsons,8/17/2025,Potatoes Russet (1.59lb),,1.56,Russet Potatoes,Produce
Albertsons,11/30/2025,Potatoes Russet (1.66lb),,1.64,Russet Potatoes,Produce
Albertsons,8/12/2025,Potatoes Russet (1.7lb),,1.62,Russet Potatoes,Produce
Albertsons,11/30/2025,Potatoes/yams Sweet Red (0.93lb),,1.85,Sweet Potatoes,Produce
Albertsons,7/13/2025,Potatoes/yams Sweet Red (1.3lb),,2.55,Sweet Potatoes,Produce
Albertsons,4/16/2026,Potatoes/yams Sweet Red Jumbo (0.65lb),,1.28,Sweet Potatoes,Produce
Albertsons,12/8/2025,Potatoes/yams Sweet Red Jumbo (0.78lb),,1.54,Sweet Potatoes,Produce
Albertsons,3/12/2026,Potatoes/yams Sweet Red Jumbo (1.11lb),,2.21,Sweet Potatoes,Produce
Albertsons,1/9/2026,Potatoes/yams Sweet Red Jumbo (1.1lb),,2.13,Sweet Potatoes,Produce
Albertsons,3/31/2026,Potatoes/yams Sweet Red Jumbo (1.29lb),,2.57,Sweet Potatoes,Produce
Albertsons,11/30/2025,Potatoes/yams Sweet Red Jumbo (1.33lb),,2.65,Sweet Potatoes,Produce
Albertsons,11/8/2025,Potatoes/yams Sweet Red Jumbo (1.34lb),,2.64,Sweet Potatoes,Produce
Albertsons,2/28/2026,Potatoes/yams Sweet Red Jumbo (1.51lb),,3.0,Sweet Potatoes,Produce
Albertsons,6/12/2025,Potatoes/yams Sweet White (0.94lb),,1.87,Gold Potatoes,Produce
Albertsons,2/18/2026,Potatoes/yams Sweet White (1.45lb),,2.89,Gold Potatoes,Produce
Ralphs,3/19/2026,Power Cakes Protein Buttermilk Flapjack Mix,Kodiak,9.79,Cereal/Pancake Mix,Breakfast
Albertsons,7/26/2025,Prebiotic Raspberry 12fz,Poppi,2.5,Prebiotic Soda,Beverages
Albertsons,7/26/2025,Prebiotic Strawberry Lemon 12fz,Poppi,2.5,Prebiotic Soda,Beverages
Albertsons,8/24/2025,Prebiotic Strawberry Vanilla 4-12fz,Olipop,9.49,Prebiotic Soda,Beverages
Albertsons,12/8/2025,Premier Protein Shake Vanilla Value Pack,Premier Protein,27.75,Protein Shake,Beverages
Ralphs,7/20/2025,Premium All Natural Pork Breakfast Sausage Roll  16 OZ,Jimmy Dean,4.99,Breakfast Sausage,Meat
Ralphs,12/28/2025,Premium Hydration Coconut Sports Drink  21 OZ,Electrolit,2.5,Sports Drink,Beverages
Albertsons,7/25/2025,Premium Tillandsia In Tube 3 Inch,,7.99,Plant,Floral
Albertsons,2/18/2026,Pro Health Advanced Toothpaste Deep Clean Mint,Crest,11.99,Toothpaste,Personal Care
Albertsons,7/26/2025,Probiotic Watermelon 12fz,Culture Pop,1.99,Prebiotic Soda,Beverages
Albertsons,12/22/2025,Protein Apples & Cinnamon Instant Oatmeal 6 Count,Quaker,6.99,Apples,Produce
Albertsons,1/18/2026,Protein Shake Vanilla Value Pack,Premier Protein,29.99,Protein Shake,Beverages
Albertsons,11/12/2025,Provolone Cheese Slices Family Size (24 Oz),Lucerne,5.99,Provolone Cheese,Dairy
Vons,6/13/2025,Provolone Cheese Slices Family Size (24 Oz),Lucerne,7.8,Provolone Cheese,Dairy
Albertsons,6/28/2025,Provolone Cheese Slices Family Size (24 Oz),Lucerne,7.88,Provolone Cheese,Dairy
Albertsons,1/25/2026,Provolone Cheese Slices Family Size (24 Oz),Lucerne,7.91,Provolone Cheese,Dairy
Albertsons,3/16/2026,Provolone Cheese Slices Family Size (24 Oz),Lucerne,7.99,Provolone Cheese,Dairy
Albertsons,7/13/2025,Provolone Cheese Slices Family Size (24 Oz),Lucerne,8.85,Provolone Cheese,Dairy
Albertsons,8/17/2025,Provolone Cheese Slices Family Size (24 Oz),Lucerne,8.9,Provolone Cheese,Dairy
Albertsons,12/4/2025,Provolone Cheese Slices Family Size (24 Oz),Lucerne,8.9,Provolone Cheese,Dairy
Albertsons,4/16/2026,Provolone Cheese Slices Family Size (24 Oz),Lucerne,8.9,Provolone Cheese,Dairy
Albertsons,10/10/2025,Provolone Cheese Slices Family Size (24 Oz),Lucerne,8.99,Provolone Cheese,Dairy
Ralphs,10/16/2025,Pure and Natural Squeeze Sour Cream  14 oz,Daisy,3.29,Sour Cream,Dairy
Ralphs,12/28/2025,Pure Baking Soda  1 lb,ARM & HAMMER,1.89,Baking Soda,Baking
Ralphs,12/28/2025,Pure Cane Sugar Bag 4lb,C&H,3.99,Sugar,Baking
Ralphs,4/26/2026,Pure Ground Black Pepper Shaker  1.85 oz,Kroger,4.49,Ground Pepper,Pantry
Albertsons,12/31/2025,Pure Premium Original No Pulp 100% Orange Juice 46fz,Tropicana,3.99,Orange Juice,Beverages
Albertsons,9/2/2025,Quick Cook Gluten Free Rolled Oats 28oz,Bob's Red Mill,9.47,Oatmeal,Breakfast
Albertsons,3/9/2026,Raspberry Danish Coffee Cake - 1lb,,6.77,Coffee Cake,Bakery
Albertsons,4/16/2026,Raspberry Danish Coffee Cake - 1lb,,6.92,Coffee Cake,Bakery
Ralphs,5/23/2026,Raspberry Flavored Iced Tea Drink  18.5 fl oz,Gold Peak,3.29,Iced Tea,Beverages
Ralphs,5/20/2026,Ready to Cook Chicken Parmesan  20 oz,Private Selection,10.0,Parmesan Cheese,Dairy
Ralphs,5/17/2026,Real Mayo  20 oz,Best Foods,1.49,Mayonnaise,Pantry
Ralphs,4/16/2025,"Really Raspberry Coffee Cake, 14 oz",Bakery Fresh Goodness,6.0,Coffee Cake,Bakery
Albertsons,7/13/2025,Red Beans And Rice Mix,Zatarain's,3.93,Rice Mix,Pantry
Amazon Fresh,2/13/2026,Red Bell Pepper  1 Each,,1.48,Bell Peppers,Produce
Ralphs,5/1/2026,Reduced Fat Blended Greek Coffee Yogurt,Chobani,1.2,Greek Yogurt,Dairy
Ralphs,4/24/2026,Reduced Fat Blended Greek Lemon Yogurt,Chobani,1.2,Greek Yogurt,Dairy
Albertsons,12/4/2025,Reduced Fat Sharp Cheddar Cheese Stick,Lucerne,4.94,Cheddar Cheese,Dairy
Albertsons,8/12/2025,Regular Squeeze Sour Cream,Daisy,2.74,Sour Cream,Dairy
Albertsons,4/12/2026,Relish Sweet Homestyle Squeeze,Vlasic,2.8,Relish,Pantry
Albertsons,1/25/2026,Resealable Container Corn Starch,Argo,3.76,Corn Starch,Baking
Albertsons,7/13/2025,Rigatoni Pasta,Barilla,1.96,Rigatoni,Pantry
Albertsons,4/12/2026,Rinse & Refresh Fabric Rinse Ocean Mist (48 Fl Oz),Downy (Do Ny),12.14,Fabric Softener,Household
Albertsons,12/4/2025,Roast Beef Crafted Cuts Seasoned 7 Oz,Signature Select,6.92,Deli Roast Beef,Deli
Albertsons,12/4/2025,Roast Beef Crafted Cuts Seasoned 7 Oz,Signature Select,6.92,Deli Roast Beef,Deli
Albertsons,10/13/2025,Roasted Chkn & Tender Turkey Cat Food Variety Pack,Sheba,14.3,Cat Food,Pet Care
Albertsons,11/8/2025,Roasted Garlic Hummus 10 Ounce,Signature Select,3.95,Kombucha,Beverages
Amazon Fresh,2/13/2026,Roasted Red Pepper Hummus  10 Oz Tub,Sabra,3.97,Kombucha,Beverages
Albertsons,11/26/2025,Roaster Baker Pans 3 Ct,Signature Select,9.81,Bakeware,Kitchen
Albertsons,10/26/2025,Rtd Banana 4-11fz,Premier Protein,10.9,Protein Shake,Beverages
Albertsons,10/26/2025,Rtd Banana 4-11fz,Premier Protein,10.9,Protein Shake,Beverages
Albertsons,10/20/2025,Ruby Red 100% Grapefruit Juice,Florida's Natural,5.49,Grapefruit Juice,Beverages
Ralphs,5/14/2026,Ruby Red Grapefruit Kombucha Can  12 fl oz,Humm,2.5,Kombucha,Beverages
Albertsons,7/25/2025,S Sel Sunflower 5st,Signature Select,5.99,Sunflower Seeds,Pantry
Albertsons,7/25/2025,S Sel Sunflower 5st,Signature Select,5.99,Sunflower Seeds,Pantry
Albertsons,1/9/2026,Salad 3 Color Slaw,TF / Taylor Farms,2.42,Salad Kit,Produce
Albertsons,1/4/2026,Salisbury Steak,Stouffer's,10.99,Salisbury Steak,Frozen
Albertsons,10/20/2025,Salted Butter Cubes 16 Oz,Challenge,4.99,Butter,Dairy
Albertsons,10/20/2025,Salted Butter Cubes 16 Oz,Challenge,4.99,Butter,Dairy
Albertsons,10/20/2025,Salted Butter Cubes 16 Oz,Challenge,4.99,Butter,Dairy
Albertsons,3/20/2026,Sardines In Extra Virgin Olive Oil,Chicken of the Sea,1.77,Canned Sardines,Pantry
Albertsons,3/20/2026,Sardines In Extra Virgin Olive Oil,Chicken of the Sea,1.77,Canned Sardines,Pantry
Ralphs,5/12/2026,Sausage and Ricotta Roman Style Pizza  20 oz,Private Selection,10.0,Frozen Pizza,Frozen
Albertsons,11/23/2025,Sausage Smoked Meat Rope,Hillshire Farm,3.5,Smoked Sausage,Meat
Albertsons,3/20/2026,Sausage Smoked Turkey Rope,Hillshire Farm,6.41,Smoked Sausage,Meat
Albertsons,4/12/2026,Scoops 10 Oz,Tostitos,5.14,Tortilla Chips,Snacks
Albertsons,7/17/2025,Scoops 9.25oz,Fritos,5.22,Tortilla Chips,Snacks
Albertsons,2/28/2026,Scrubber & Sponge,Scrub Mommy,5.99,Sponges,Household
Albertsons,10/26/2025,Seasalt&cdr Bl 16.5oz 6ct,Native,14.87,Body Wash/Soap,Personal Care
Albertsons,10/10/2025,Semi Sweet Chocolate Baking Morsels,Nestle,4.49,Chocolate Chips,Baking
Albertsons,10/10/2025,Semi Sweet Chocolate Baking Morsels,Nestle,4.49,Chocolate Chips,Baking
Albertsons,8/17/2025,Sesame Oil,Sunluck,4.44,Sesame Oil,Pantry
Albertsons,11/30/2025,Sharp Cheddar Cheese Loaf 32 Oz,Lucerne,8.99,Cheddar Cheese,Dairy
Amazon Fresh,2/13/2026,"Sharp Cheddar Cheese, Shredded, 8 Oz",Amazon Grocery,3.94,Cheddar Cheese,Dairy
Albertsons,11/12/2025,Sharp White Cheddar Cheese Snack Bars,Tillamook,2.99,Cheddar Cheese,Dairy
Albertsons,12/4/2025,Sharp White Cheddar Cheese Snack Bars,Tillamook,4.46,Cheddar Cheese,Dairy
Albertsons,9/9/2025,Shredded Coconut 14 Oz,Overjoyed/Signature Select,4.99,Shredded Coconut,Baking
Albertsons,9/13/2025,Shredded Mozzarella Cheese,Tillamook,4.6,Mozzarella Cheese,Dairy
Albertsons,9/13/2025,Shredded Mozzarella Cheese,Tillamook,4.61,Mozzarella Cheese,Dairy
Albertsons,3/20/2026,Shrimp Cooked 31-40 Count Tail-on,Waterfront Bistro,12.83,Shrimp,Seafood
Albertsons,4/16/2026,Shrimp Lo Mein,P.F. Chang's,8.9,Shrimp,Seafood
Albertsons,7/13/2025,Shrimp Raw 21-25 Count Frozen,Waterfront Bistro,23.5,Shrimp,Seafood
Albertsons,3/31/2026,Shrimp Spring Rolls W/sauce,Royal Asia,5.99,Spring Rolls,Frozen
Albertsons,1/9/2026,Side Frozen Entrees Sides Creamy Tomato Tuscan Style Pasta,Home Bake,6.76,Frozen Side Dish,Frozen
Albertsons,1/25/2026,Signature Beef Summer Sausage,Hickory Farms,5.94,Summer Sausage,Deli
Albertsons,1/4/2026,Signature Beef Summer Sausage,Hickory Farms,5.99,Summer Sausage,Deli
Albertsons,9/11/2025,Simply Orange Pulp Free Juice Bottle (46 Fl Oz),Simply Orange,5.42,Orange Juice,Beverages
Albertsons,8/24/2025,Simply Orange Pulp Free Juice Bottle (46 Fl Oz),Simply Orange,5.49,Orange Juice,Beverages
Albertsons,7/26/2025,Simply Pop Strawberry 12fz,Simply Pop,2.29,Prebiotic Soda,Beverages
Albertsons,11/8/2025,Simply Raised Chicken Thigh Abf (2lb),Foster Farms,7.87,Chicken Thighs,Meat
Albertsons,1/4/2026,Single Serve Vanilla Macadamia Nut K-cup (10 Count),Kauai,5.99,Coffee Pods,Coffee & Tea
Ralphs,9/28/2025,Sleeved Celery  1 ct,,1.99,Celery,Produce
Ralphs,12/28/2025,Sleeved Celery  1 ct,,1.99,Celery,Produce
Albertsons,7/13/2025,Sliced Bamboo Shoots,Dynasty,4.52,Asian Vegetables,Pantry
Albertsons,3/31/2026,Sliced Mushrooms 4 Ounce,Signature Select,2.79,Mushrooms,Produce
Albertsons,3/31/2026,Sliced Pineapple In Juice 20 Ounce,Signature Select,2.29,Canned Pineapple,Pantry
Albertsons,4/12/2026,Sliced Water Chestnuts,Dynasty,2.8,Asian Vegetables,Pantry
Albertsons,1/25/2026,Small Curd Cottage Cheese,Knudsen,3.67,Cottage Cheese,Dairy
Albertsons,11/30/2025,Small Curd Cottage Cheese,Knudsen,3.69,Cottage Cheese,Dairy
Albertsons,12/13/2025,Small Curd Cottage Cheese,Knudsen,5.91,Cottage Cheese,Dairy
Albertsons,3/31/2026,Small Curd Cottage Cheese,Knudsen,4.49,Cottage Cheese,Dairy
Albertsons,3/31/2026,Small Curd Cottage Cheese,Knudsen,4.49,Cottage Cheese,Dairy
Ralphs,1/19/2026,Small Curd Cottage Cheese 16 oz Tub,Knudsen,3.49,Cottage Cheese,Dairy
Albertsons,7/13/2025,Smoked Beef Rope Sausage,Johnsonville,3.93,Sausage,Meat
Albertsons,1/25/2026,Smoked Gouda Cheese,Laughing Cow,2.98,Gouda Cheese,Dairy
Albertsons,1/4/2026,Smoked Gouda Cheese,Laughing Cow,3.0,Gouda Cheese,Dairy
Amazon Fresh,4/2/2026,Smoked Sausage Fully Cooked Sausage  14 oz,Hillshire Farm,3.5,Smoked Sausage,Meat
Albertsons,6/4/2025,Snacking Tomatoes Wild Wonders Medley,Signature Select/Farms,3.0,Tomatoes,Produce
Albertsons,3/20/2026,Snacking Tomatoes Wild Wonders Medley 10 Oz,Signature Select,3.45,Tomatoes,Produce
Albertsons,7/13/2025,Soleil Water Sparkling Mango 8 Pack,Soleil,3.45,Sparkling Water,Beverages
Albertsons,7/13/2025,Soleil Water Sparkling Peach 8 Pack,Soleil,3.45,Sparkling Water,Beverages
Albertsons,4/5/2026,Sour Cream & Onion 7.75oz,Lay's,4.19,Chips,Snacks
Albertsons,12/8/2025,Sour Patch Kids Candy Bag 8oz,Sour Patch Kids,3.48,Sour Patch Kids,Candy
Albertsons,6/28/2025,Sourdough English Muffins,Thomas,3.94,English Muffins,Bakery
Ralphs,5/3/2026,Southern Pit Barbecue Grillin' Beans  22 oz,Bush's,3.49,Baked Beans,Pantry
Albertsons,8/24/2025,Southwest Chopped Salad Kit,Taylor Farms,3.99,Salad Kit,Produce
Albertsons,11/6/2025,Soy Sauce,Kikkoman,8.99,Soy Sauce,Pantry
Albertsons,10/12/2025,Spam Luncheon Meat Low Sodium,Spam,4.94,Spam,Pantry
Albertsons,10/12/2025,Spam Luncheon Meat Low Sodium,Spam,4.95,Spam,Pantry
Albertsons,12/13/2025,Sparkling Raspberry Lemon Seltzer Flavored Mints,Ice Breakers,3.94,Sparkling Water,Beverages
Albertsons,8/17/2025,Sparkling Tonic Cherry Vanilla,Olipop,1.99,Prebiotic Soda,Beverages
Albertsons,8/20/2025,Sparkling Tonic Cherry Vanilla,Olipop,2.0,Prebiotic Soda,Beverages
Albertsons,8/17/2025,Sparkling Tonic Orange Squeeze,Olipop,1.99,Prebiotic Soda,Beverages
Albertsons,8/20/2025,Sparkling Tonic Orange Squeeze,Olipop,2.0,Prebiotic Soda,Beverages
Albertsons,8/17/2025,Specialty Food Nori Fumi Furikake,Japan Food,5.44,Furikake,Pantry
Albertsons,7/22/2025,Spicy Hummus,O Organics,4.35,Kombucha,Beverages
Albertsons,6/28/2025,Spinach,Signature Select/Farms,2.46,Spinach,Produce
Albertsons,7/17/2025,Spinach Artichoke Dip (10 Oz),Signature Select,4.75,Spinach,Produce
Albertsons,7/25/2025,Sponch 6 Ct,Marinela,2.29,Mexican Snack Cakes,Snacks
Albertsons,7/13/2025,Sponges Fresh Scrub Heavy Duty (3 Count),Signature Select,4.43,Sponges,Household
Albertsons,1/25/2026,Sport Cap 23.6fz,Crystal Geyser,1.0,Bottled Water,Beverages
Albertsons,1/25/2026,Sport Cap 23.6fz,Crystal Geyser,1.0,Bottled Water,Beverages
Albertsons,9/9/2025,Square Cake Pans With Parchment Paper & Lids (3 Ct),Signature Select,7.99,Foil/Parchment,Household
Albertsons,4/5/2026,Squeeze More Out Real Mayonnaise,Best Foods,3.9,Mayonnaise,Pantry
Albertsons,11/12/2025,Squeeze More Out Real Mayonnaise,Best Foods,3.99,Mayonnaise,Pantry
Albertsons,12/8/2025,Squeeze More Out Real Mayonnaise,Best Foods,5.94,Mayonnaise,Pantry
Albertsons,12/8/2025,Squeeze More Out Real Mayonnaise,Best Foods,5.95,Mayonnaise,Pantry
Albertsons,8/17/2025,Squeeze More Out Real Mayonnaise,Best Foods,5.93,Mayonnaise,Pantry
Albertsons,8/17/2025,Squeeze More Out Real Mayonnaise,Best Foods,5.93,Mayonnaise,Pantry
Albertsons,4/19/2026,Ss Cleaner & Polish Aerosol,Weiman,6.28,Stainless Steel Cleaner,Household
Albertsons,12/22/2025,Steamfresh Veg Sweet Peas,Birds Eye,2.49,Frozen Peas,Frozen
Albertsons,11/21/2025,Sticks Beef Original,Country Archer / Archer,1.94,Beef Sticks,Snacks
Albertsons,10/26/2025,Strawberry Cream Cheese Spread,Tillamook,4.46,Cream Cheese,Dairy
Albertsons,2/20/2026,Strawberry Kiwi 21fz,Electrolit,2.75,Sports Drink,Beverages
Albertsons,4/12/2026,Strawberry Kiwi 21fz,Electrolit,2.8,Sports Drink,Beverages
Albertsons,10/30/2025,Strawberry Kiwi 21fz,Electrolit,2.79,Sports Drink,Beverages
Albertsons,10/30/2025,Strawberry Kiwi 21fz,Electrolit,2.79,Sports Drink,Beverages
Albertsons,3/4/2026,Strawberry Kiwi 21fz,Electrolit,2.99,Sports Drink,Beverages
Albertsons,3/4/2026,Strawberry Kiwi 21fz,Electrolit,2.99,Sports Drink,Beverages
Albertsons,4/12/2026,Strong Waste Bag 13 Gallon,Hefty,8.41,Trash Bags,Household
Albertsons,9/13/2025,Strong Waste Bag 13 Gallon,Hefty,10.56,Trash Bags,Household
Albertsons,1/4/2026,Strong Waste Bag 13 Gallon,Hefty,12.99,Trash Bags,Household
Albertsons,9/9/2025,Sugar Fine Granulated 4 Pound,Signature Select,4.49,Sugar,Baking
Albertsons,10/12/2025,Sugar Snap Peas Stringless 8 Oz,Signature Select,3.46,Sugar Snap Peas,Produce
Albertsons,3/20/2026,Sun Ripened Tomatoes In Olive Oil,Mezzetta,5.22,Sun-Dried Tomatoes,Pantry
Albertsons,2/28/2026,Swc Cheese 8ct,Ritz,4.49,Cheese,Dairy
Ralphs,4/27/2026,Sweet Italian Sausage Links  19 OZ,Johnsonville,6.99,Italian Sausage,Meat
Amazon Fresh,4/2/2026,Sweet Onion 6,,7.62,Onions,Produce
Albertsons,1/25/2026,Sweet Relish Ez Squeeze,Heinz,3.76,Relish,Pantry
Albertsons,4/5/2026,Sweet Southern Heat Barbecue 7.75oz,Lay's,4.19,Chips,Snacks
Albertsons,7/22/2025,Sweet Tea Zero Sugar 59fz,Gold Peak,4.35,Iced Tea,Beverages
Albertsons,12/13/2025,Tapioca Pudding,Hunt's,1.77,Gelatin/Pudding,Pantry
Albertsons,3/25/2026,Tear-a-square Paper Towels 2 Triple Rolls,Brawny,8.79,Toilet Paper,Paper Goods
Ralphs,4/27/2026,The One Signature Hair Perfume  2.5 fl oz,Kristin Ess Hair,21.0,Hair Perfume,Personal Care
Ralphs,5/3/2026,Thin Spaghetti Pasta Quality Non-GMO,Barilla,1.99,Spaghetti,Pantry
Albertsons,8/17/2025,Thyme Bunch,,2.47,Thyme,Produce
Albertsons,12/13/2025,Thyme Organic,North Shore Living,3.74,Thyme,Produce
Albertsons,7/25/2025,Tiss Goldall Occasion 4.95,Papyrus,4.95,Greeting Cards/Wrap,Party & Stationery
Albertsons,7/17/2025,Toasted Cheddar 8.1oz,Ritz,4.75,Crackers,Snacks
Vons,7/27/2025,Toilet Bowl Cleaner Power & Free Spring Breeze,Lysol,5.82,Toilet Cleaner,Household
Albertsons,12/31/2025,Toilet Paper 36 Mega Rolls,Angel Soft,26.99,Toilet Paper,Paper Goods
Albertsons,4/16/2026,Toilet Paper 6 Mega Rolls,Angel Soft,6.92,Toilet Paper,Paper Goods
Ralphs,5/1/2026,Toilet Paper Mega Roll  16 rl,Angel Soft,9.49,Toilet Paper,Paper Goods
Ralphs,9/28/2025,Toilet Paper Mega Roll  16 rl,Angel Soft,12.49,Toilet Paper,Paper Goods
Ralphs,5/23/2026,Toilet Paper Mega Roll  16 rl,Angel Soft,16.49,Toilet Paper,Paper Goods
Ralphs,5/17/2026,Tomato & Basil Crumbled Traditional Feta,Athenos,6.99,Feta Cheese,Dairy
Ralphs,5/20/2026,Tomato & Basil Crumbled Traditional Feta,Athenos,6.99,Feta Cheese,Dairy
Albertsons,11/23/2025,Tomato Bisque Condensed Soup,Campbell's,1.99,Tomato Soup,Pantry
Albertsons,11/23/2025,Tomato Condensed Soup,Campbell's,1.49,Tomato Soup,Pantry
Albertsons,11/23/2025,Tomato Condensed Soup,Campbell's,1.49,Tomato Soup,Pantry
Albertsons,10/30/2025,Tomato Condensed Soup,Campbell's,2.13,Tomato Soup,Pantry
Albertsons,10/30/2025,Tomato Condensed Soup,Campbell's,2.13,Tomato Soup,Pantry
Ralphs,7/20/2025,Tomato Ketchup  20 OZ,Heinz,3.99,Ketchup,Pantry
Ralphs,4/27/2026,Tomato Sauce  15 OZ,Hunt's,1.99,Tomato Sauce,Pantry
Ralphs,4/27/2026,Tomato Sauce  8 OZ,Hunt's,1.25,Tomato Sauce,Pantry
Albertsons,3/31/2026,Tomato Sauce No Salt 8 Ounce,Signature Select,0.79,Tomato Sauce,Pantry
Albertsons,3/31/2026,Tomato Sauce No Salt 8 Ounce,Signature Select,0.79,Tomato Sauce,Pantry
Albertsons,12/4/2025,Tomatoes Diced 14.5 Ounce,Signature Select,1.24,Diced Tomatoes,Pantry
Albertsons,12/4/2025,Tomatoes Diced Petite 14.5 Ounce,Signature Select,1.24,Diced Tomatoes,Pantry
Albertsons,9/11/2025,Tomatoes Diced Petite 14.5 Ounce,Signature Select,1.24,Diced Tomatoes,Pantry
Albertsons,9/11/2025,Tomatoes Diced Petite 14.5 Ounce,Signature Select,1.24,Diced Tomatoes,Pantry
Albertsons,6/28/2025,Tomatoes On The Vine Red Cluster (1.43lb),,4.23,Tomatoes,Produce
Albertsons,6/1/2025,Tomatoes On The Vine Red Cluster (1.48lb),,3.99,Tomatoes,Produce
Albertsons,6/12/2025,Tomatoes On The Vine Red Cluster (1.71lb),,5.11,Tomatoes,Produce
Albertsons,1/9/2026,Tomatoes Roma Red (0.48lb),,0.61,Tomatoes,Produce
Albertsons,3/16/2026,Tomatoes Roma Red (0.49lb),,1.47,Tomatoes,Produce
Albertsons,8/17/2025,Tomatoes Roma Red (0.57lb),,0.56,Tomatoes,Produce
Albertsons,1/25/2026,Tomatoes Roma Red (0.5lb),,0.65,Tomatoes,Produce
Albertsons,2/28/2026,Tomatoes Roma Red (0.65lb),,0.84,Tomatoes,Produce
Albertsons,3/9/2026,Tomatoes Roma Red (0.78lb),,2.26,Tomatoes,Produce
Albertsons,8/20/2025,Tomatoes Vine Ripe Large (0.49lb),,1.47,Tomatoes,Produce
Albertsons,3/20/2026,Traditional Crumbled Feta Cheese,Athenos,4.93,Feta Cheese,Dairy
Albertsons,7/13/2025,Traditional Crumbled Feta Cheese Deli Cup,Athenos,2.95,Feta Cheese,Dairy
Ralphs,4/27/2026,Traditional Sweet Basil Spaghetti Pasta Sauce,Classico,3.99,Spaghetti,Pantry
Vons,6/15/2025,Traditional Whole Roasted Chicken Hot,Signature Cafe,7.99,Rotisserie Chicken,Deli
Albertsons,12/8/2025,Traditional Whole Roasted Chicken Hot,Signature Cafe,8.92,Rotisserie Chicken,Deli
Albertsons,10/10/2025,Traditional Whole Roasted Chicken Hot,Signature Cafe,8.99,Rotisserie Chicken,Deli
Albertsons,1/18/2026,Triple Acting Laundry Stain Remover Spray (22 Fl Oz),Shout,6.49,Laundry Stain Remover,Household
Albertsons,12/13/2025,Triples Chocolate And Vanilla Pudding,Hunt's,1.77,Gelatin/Pudding,Pantry
Albertsons,7/17/2025,Triscuit Minis 8oz,Triscuit,3.81,Crackers,Snacks
Albertsons,1/25/2026,Tropical Punch 8-12fz,Bodyarmor,6.93,Sports Drink,Beverages
Albertsons,2/28/2026,Tuna Solid White In Water,StarKist,8.99,Canned Tuna,Pantry
Albertsons,2/18/2026,Turkey Ground 85% Lean 15% Fat,Signature Select,4.99,Ground Turkey,Meat
Albertsons,7/13/2025,Turkey Polska Sausage Rope,Hillshire Farm,6.88,Sausage,Meat
Ralphs,5/1/2026,Turkey Smoked Sausage  13 OZ,Hillshire Farm,6.99,Smoked Sausage,Meat
Albertsons,11/8/2025,Turkey Store 93% Lean Ground Turkey 7% Fat,Jennie-O,7.89,Ground Turkey,Meat
Albertsons,1/4/2026,Turkey Store 93% Lean Ground Turkey 7% Fat,Jennie-O,19.99,Ground Turkey,Meat
Albertsons,3/12/2026,Turkey Store 93% Lean Ground Turkey 7% Fat,Jennie-O,7.99,Ground Turkey,Meat
Albertsons,3/12/2026,Turkey Store 93% Lean Ground Turkey 7% Fat,Jennie-O,7.99,Ground Turkey,Meat
Albertsons,10/26/2025,Ultra Healing Lotion 2oz,Jergens,2.48,Lotion,Personal Care
Albertsons,1/18/2026,Ultra Pasteurized Heavy Whipping Cream,Lucerne,4.99,Heavy Whipping Cream,Dairy
Albertsons,4/16/2026,Ultra Thin Black Forest Ham,Hillshire Farm,2.97,Deli Ham,Deli
Albertsons,7/13/2025,Ultra Thin Crust Barbeque Recipe Chicken Pizza,Signature Select,5.9,Frozen Pizza,Frozen
Ralphs,7/20/2025,Ultra Thin Sliced Honey Ham Sandwich Meat  9 OZ,Hillshire Farm,6.29,Deli Ham,Deli
Ralphs,5/14/2026,Ultra Thin Sliced Honey Roasted Turkey Breast,Hillshire Farm,3.99,Deli Turkey,Deli
Ralphs,12/28/2025,Ultra Thin Sliced Oven Roasted Turkey Breast  1 LB,Hillshire Farm,9.99,Deli Turkey,Deli
Ralphs,5/14/2026,Ultra Thin Sliced Pastrami Deli Meat  7 OZ,Hillshire Farm,3.99,Pastrami,Deli
Albertsons,3/25/2026,Unbleached Parchment Paper Roll,Reynolds,2.44,Foil/Parchment,Household
Albertsons,10/20/2025,Unsalted Butter Cubes 16 Oz,Challenge,4.99,Butter,Dairy
Ralphs,5/23/2026,Unsweetened Black Iced Tea Carton  64 fl oz,Pure Leaf,3.49,Iced Tea,Beverages
Ralphs,4/24/2026,Vanilla Nonfat Greek Yogurt Cup  5.3 oz,Chobani,1.2,Greek Yogurt,Dairy
Ralphs,7/20/2025,Vanilla Protein Shakes  6 pk / 11.5 fl oz,Premier Protein,18.99,Protein Shake,Beverages
Albertsons,10/12/2025,Vegan Original Kimchi,Seoul,7.91,Kimchi,Refrigerated
Albertsons,3/16/2026,Vegetables California Style 32 Oz,Signature Select,4.99,Frozen Vegetables,Frozen
Ralphs,5/17/2026,Vegetarian Baked Beans  28 oz,Bush's,3.49,Baked Beans,Pantry
Ralphs,9/28/2025,Vermicelli Rice Noodles  8.8 oz,A Taste of Thai,2.99,Rice Noodles,Pantry
Albertsons,7/13/2025,Vidalia Sweet Onions 3 Lb,Signature Select,4.92,Onions,Produce
Albertsons,8/24/2025,Vidalia Sweet Onions 3 Lb,Signature Select,4.99,Onions,Produce
Albertsons,3/12/2026,Vinegar Apple Cider 32 Fluid Ounce,Signature Select,4.49,Apple Cider Vinegar,Pantry
Albertsons,3/12/2026,Vinegar Red Wine 12.5 Fluid Ounce,Signature Select,4.79,Wine,Alcohol
Albertsons,10/12/2025,Walnut 16oz,Diamond,9.89,Walnuts,Pantry
Albertsons,12/8/2025,Walnut Halves & Pieces Unsalted 16 Oz,Signature Select,6.93,Walnuts,Pantry
Albertsons,9/1/2025,Water Drinking 2.5 Gallon,Signature Select,3.23,Bottled Water,Beverages
Albertsons,9/1/2025,Water Drinking 2.5 Gallon,Signature Select,3.23,Bottled Water,Beverages
Albertsons,9/1/2025,Water Drinking 2.5 Gallon,Signature Select,3.23,Bottled Water,Beverages
Albertsons,9/1/2025,Water Drinking 2.5 Gallon,Signature Select,3.23,Bottled Water,Beverages
Albertsons,10/30/2025,Watermelon Lime 21fz,Electrolit,2.79,Sports Drink,Beverages
Albertsons,4/12/2026,Watermelon Lime 21fz,Electrolit,2.8,Sports Drink,Beverages
Albertsons,10/23/2025,Whipping Cream Heavy 16 Fz,O Organics,5.49,Heavy Whipping Cream,Dairy
Ralphs,1/19/2026,White Hamburger Buns  8 pc / 14 oz,Nature's Harvest,3.89,Hamburger Buns,Bakery
Ralphs,5/23/2026,White Hot Dog Buns  8 ct / 14 oz,Ball Park,4.49,Hot Dogs,Meat
Albertsons,7/13/2025,Whole Baby Bella Crimini Mushrooms,Signature Select/Farms,2.46,Mushrooms,Produce
Albertsons,10/12/2025,Whole Baby Bella Crimini Mushrooms,Signature Select/Farms,2.47,Mushrooms,Produce
Vons,6/13/2025,Whole Baby Bella Mushrooms (20 Oz),Signature Select/Farms,5.84,Mushrooms,Produce
Albertsons,6/28/2025,Whole Baby Bella Mushrooms (20 Oz),Signature Select/Farms,5.91,Mushrooms,Produce
Albertsons,1/4/2026,Whole Milk,Horizon Organic,6.49,Milk,Dairy
Albertsons,10/12/2025,Whole Milk Plus Dha,Horizon Organic,5.84,Milk,Dairy
Albertsons,9/2/2025,Whole Milk Plus Dha,Horizon Organic,6.99,Milk,Dairy
Albertsons,12/13/2025,Whole Peeled Tomatoes 28 Ounce,O Organics,3.25,Whole Peeled Tomatoes,Pantry
Albertsons,3/12/2026,Whole Rosemary Leaves .62oz,McCormick,8.49,Rosemary,Produce
Albertsons,4/19/2026,Wholesome Chicken Vegetable Variety Pack Dog Food,Cesar,23.2,Dog Food,Pet Care
Albertsons,8/20/2025,Wild Blueberries,O Organics,4.49,Blueberries,Produce
Ralphs,2/2/2026,Yellow Onion 3 lb Bag  3 lb,Kroger,2.99,Onions,Produce
Ralphs,10/16/2025,Zero Sugar Caffeine-Free Soda Cans  12 pk,Coca-Cola,10.99,Coca-Cola,Beverages
Ralphs,1/19/2026,Zero Sugar Caffeine-Free Soda Cans  12 pk,Coca-Cola,11.99,Coca-Cola,Beverages
Ralphs,2/17/2026,Zero Sugar Caffeine-Free Soda Cans  12 pk,Coca-Cola,11.99,Coca-Cola,Beverages
Ralphs,3/19/2026,Zero Sugar Caffeine-Free Soda Cans  12 pk,Coca-Cola,11.99,Coca-Cola,Beverages
Ralphs,5/23/2026,Zero Sugar Caffeine-Free Soda Cans  12 pk,Coca-Cola,11.99,Coca-Cola,Beverages
Ralphs,5/29/2026,Beef Tamales 6 Count  24 oz,Del Real Foods,9.49,Tamales,Frozen
Ralphs,5/29/2026,Cook in Tray Meatloaf  1.75 lb,Birchwood Foods,8.99,Meatloaf,Meat
Ralphs,5/29/2026,Boneless Skinless Chicken Breast Value Pack  1 lb,,10.94,Chicken Breasts,Meat
Ralphs,5/29/2026,Bourbon Whiskey  1.750 L,Bulleit,43.49,Bourbon Whiskey,Alcohol
Ralphs,5/29/2026,Low-Fat Coconut Blended Greek Yogurt  5.3 oz,Chobani,1.25,Greek Yogurt,Dairy
Ralphs,5/29/2026,Low-Fat Coconut Blended Greek Yogurt  5.3 oz,Chobani,1.25,Greek Yogurt,Dairy
Ralphs,5/29/2026,Non-Fat Peach on the Bottom Greek Yogurt  5.3 oz,Chobani,1.25,Greek Yogurt,Dairy
Ralphs,5/29/2026,Non-Fat Peach on the Bottom Greek Yogurt  5.3 oz,Chobani,1.25,Greek Yogurt,Dairy
Ralphs,5/29/2026,Non-Fat Strawberry on the Bottom Greek Yogurt  5.3 oz,Chobani,1.25,Greek Yogurt,Dairy
Ralphs,5/29/2026,Alpine Spring Gallon Water  1 gallon,Crystal Geyser,1.79,Bottled Water,Beverages
Ralphs,5/29/2026,Fresh Red Hothouse Bell Pepper  1 ct,,1.25,Bell Peppers,Produce
Ralphs,5/29/2026,Hamburger Helper Pasta Lasagna  6.9 oz,Hamburger Helper,2.49,Hamburger Helper,Pantry
Ralphs,5/29/2026,Ultra Thin Sliced Oven Roasted Turkey Breast Sandwich Meat  9 oz,Hillshire Farm,2.99,Deli Turkey,Deli
Ralphs,5/29/2026,Ultra Thin Sliced Smoked Ham Sandwich Meat  9 oz,Hillshire Farm,2.99,Deli Ham,Deli
Ralphs,5/29/2026,DHA Omega-3 Milk - DHA Whole Milk  1/2 gal,Horizon Organic,5.99,Milk,Dairy
Ralphs,5/29/2026,All Natural* 90% Lean Ground Turkey  1 LB,JENNIE-O,5.99,Ground Turkey,Meat
Ralphs,5/29/2026,All Natural* 90% Lean Ground Turkey  1 LB,JENNIE-O,5.99,Ground Turkey,Meat
Ralphs,5/29/2026,Deluxe Cheddar Mac & Cheese  14 oz,Kraft,4.49,Cheese,Dairy
Ralphs,5/29/2026,100% Apple Juice  64 fl oz,Kroger,1.49,Apple Juice,Beverages
Ralphs,5/29/2026,100% Pure Vegetable Oil  48 fl oz,Kroger,4.49,Cooking Oil,Pantry
Ralphs,5/29/2026,Beef Flavored Broth  14 oz,Kroger,1.25,Beef Broth,Pantry
Ralphs,5/29/2026,Skillet Meals Beef Pasta  5.6 oz,Kroger,1.49,Beef Pasta,Pantry
Ralphs,5/29/2026,Thin Spaghetti  16 oz,Kroger,1.39,Spaghetti,Pantry
Ralphs,5/29/2026,PomPom Ball w Rattle 2pk,Multipet,4.49,Pet Toy,Pet Care
Ralphs,5/29/2026,Honey Wheat Bread  20 oz,Nature's Own,4.99,Wheat Bread,Bakery
Ralphs,5/29/2026,Sweet Onion 3 lb Bag,Private Selection,5.49,Onions,Produce
Ralphs,5/29/2026,Red Sweet Potato  1 ct,,1.63,Sweet Potatoes,Produce
Ralphs,5/29/2026,Organic Half & Half Quart  1 qt,Simple Truth Organic,5.49,Half & Half,Dairy
Ralphs,5/29/2026,Sleeved Celery  1 ct,,2.99,Celery,Produce
Ralphs,5/29/2026,Chicken Broth  14.5 oz,Swanson,1.99,Chicken Broth,Pantry
Ralphs,5/29/2026,Chicken Broth  14.5 oz,Swanson,1.99,Chicken Broth,Pantry
Ralphs,5/29/2026,Tuna Helper Cheesy Pasta  5.3 oz,Tuna Helper,2.49,Tuna Helper,Pantry
Ralphs,6/12/2026,Artesano Brioche Sandwich Buns 6ct 16.4oz,Sara Lee,2.99,Brioche Buns,Bakery
Ralphs,6/12/2026,Beef Choice Boneless Blade Chuck Steak Value Pack 2.18lb,Kroger,17.42,Chuck Steak,Meat
Ralphs,6/12/2026,Bulleit Whiskey - American Bourbon 1.750l,Bulleit,43.49,Bourbon Whiskey,Alcohol
Ralphs,6/12/2026,Challenge Salted Butter 16oz,Challenge,4.79,Butter,Dairy
Ralphs,6/12/2026,Chung's Vegetable Egg Rolls 4ct 12oz,Chung's,5.49,Spring Rolls,Frozen
Ralphs,6/12/2026,Crazy Richard's Creamy Natural Peanut Butter 16oz,Crazy Richard's,4.99,Peanut Butter,Pantry
Ralphs,6/12/2026,Crystal Geyser Alpine Spring Gallon Water 1gal,Crystal Geyser,1.79,Bottled Water,Beverages
Ralphs,6/12/2026,Crystal Geyser Alpine Spring Gallon Water 1gal,Crystal Geyser,1.79,Bottled Water,Beverages
Ralphs,6/12/2026,Daisy Pure and Natural Squeeze Sour Cream 14oz,Daisy,3.29,Sour Cream,Dairy
Ralphs,6/12/2026,Fresh Large Lemon - Each,,0.79,Lemons,Produce
Ralphs,6/12/2026,Fresh Large Lemon - Each,,0.79,Lemons,Produce
Ralphs,6/12/2026,Fresh On the Vine Red Tomatoes by the Bunch 1.73lb,,5.17,Tomatoes,Produce
Ralphs,6/12/2026,Fresh Seedless Red Grapes 2.34lb,,10.51,Grapes,Produce
Ralphs,6/12/2026,Hillshire Farm Cajun Style Andouille Smoked Sausage 13oz,Hillshire Farm,4.24,Andouille Sausage,Meat
Ralphs,6/12/2026,ICE BREAKERS Cool Mint Flavored Sugar Free Mints 1.5oz,Ice Breakers,4.79,Mints/Gum,Snacks
Ralphs,6/12/2026,Johnsonville Mild Italian Ground Sausage 16oz,Johnsonville,5.99,Italian Sausage,Meat
Ralphs,6/12/2026,Johnsonville Mild Italian Ground Sausage 16oz,Johnsonville,5.99,Italian Sausage,Meat
Ralphs,6/12/2026,Kale Bag 16oz,Kroger,2.99,Kale,Produce
Ralphs,6/12/2026,Knudsen Small Curd Cottage Cheese 16oz,Knudsen,3.69,Cottage Cheese,Dairy
Ralphs,6/12/2026,Kraft Creamy & Smooth Mayo 22oz,Kraft,4.99,Mayonnaise,Pantry
Ralphs,6/12/2026,Kroger Potato Russet Tray,Kroger,3.99,Russet Potatoes,Produce
Ralphs,6/12/2026,Kroger 100% Apple Juice 64fl oz,Kroger,3.19,Apple Juice,Beverages
Ralphs,6/12/2026,Kroger 99% Fat Free Chicken Broth 32oz,Kroger,2.29,Chicken Broth,Pantry
Ralphs,6/12/2026,Kroger Black Beans 15.5oz,Kroger,1.00,Black Beans,Pantry
Ralphs,6/12/2026,Kroger Black Beans 15.5oz,Kroger,1.00,Black Beans,Pantry
Ralphs,6/12/2026,Lance Sandwich Crackers Cream Cheese And Chives 10ct,Lance,5.49,Crackers,Snacks
Ralphs,6/12/2026,Lance ToastChee Peanut Butter Crackers 10ct,Lance,5.49,Crackers,Snacks
Ralphs,6/12/2026,Lawry's Steak & Chop Marinade 12fl oz,Lawry's,4.49,Seasoning Mix,Pantry
Ralphs,6/12/2026,Marcangelo Honey BBQ Bacon Wrapped Chicken Skewer 9.8oz,Marcangelo,5.00,Chicken Skewer,Deli
Ralphs,6/12/2026,Mezzetta Pickled Red Onions 16fl oz,Mezzetta,6.79,Pickled Onions,Pantry
Ralphs,6/12/2026,Oscar Mayer Deli Fresh Honey Smoked Turkey Breast 9oz,Oscar Mayer,3.49,Deli Turkey,Deli
Ralphs,6/12/2026,P.F. Chang's Home Menu Honey Chicken 18oz,P.F. Chang's,7.99,Frozen Asian Entree,Frozen
Ralphs,6/12/2026,P.F. Chang's Home Menu Shrimp Lo Mein Skillet Meal 22oz,P.F. Chang's,7.99,Frozen Asian Entree,Frozen
Ralphs,6/12/2026,Philadelphia Mixed Berry Cream Cheese Whipped Spread 7.5oz,Philadelphia,4.99,Cream Cheese,Dairy
Ralphs,6/12/2026,Philadelphia Mixed Berry Cream Cheese Whipped Spread 7.5oz,Philadelphia,4.99,Cream Cheese,Dairy
Ralphs,6/12/2026,Private Selection Sweet Onion 3lb Bag,Private Selection,5.49,Onions,Produce
Ralphs,6/12/2026,Puffs Ultra Soft Mega Cube Facial Tissues 72ct,Puffs,2.79,Facial Tissues,Household
Ralphs,6/12/2026,Puffs Ultra Soft Mega Cube Facial Tissues 72ct,Puffs,2.79,Facial Tissues,Household
Ralphs,6/12/2026,Tate's Bake Shop Gluten Free Chocolate Chip Cookies 7.01oz,Tate's Bake Shop,5.99,Cookies,Bakery
Ralphs,6/12/2026,Thomas' Cinnamon Raisin Bagels 6ct 18oz,Thomas',4.99,Bagels,Bakery
Ralphs,6/5/2026,ARM & HAMMER Odor Blasters Fresh Burst Dryer Sheets 120ct,ARM & HAMMER,3.00,Dryer Sheets,Household
Ralphs,6/5/2026,ARM & HAMMER Odor Blasters Fresh Burst Dryer Sheets 120ct,ARM & HAMMER,2.99,Dryer Sheets,Household
Ralphs,6/5/2026,Athenos Traditional Feta Cheese Chunk 8oz,Athenos,5.99,Feta Cheese,Dairy
Ralphs,6/5/2026,Barilla Large Pasta Shells 16oz,Barilla,0.99,Pasta Shells,Pantry
Ralphs,6/5/2026,Barilla Orzo Pasta 16oz,Barilla,0.99,Orzo Pasta,Pantry
Ralphs,6/5/2026,Bulleit Whiskey - American Bourbon 1.750l,Bulleit,43.49,Bourbon Whiskey,Alcohol
Ralphs,6/5/2026,Bumble Bee Spicy Thai Chili Seasoned Tuna Pouch 2.5oz,Bumble Bee,2.29,Canned Tuna,Pantry
Ralphs,6/5/2026,Bumble Bee Spicy Thai Chili Seasoned Tuna Pouch 2.5oz,Bumble Bee,2.29,Canned Tuna,Pantry
Ralphs,6/5/2026,Chobani Non-Fat Greek Yogurt Strawberry Banana 5.3oz,Chobani,1.00,Greek Yogurt,Dairy
Ralphs,6/5/2026,Crystal Geyser Alpine Spring Gallon Water 1gal,Crystal Geyser,1.79,Bottled Water,Beverages
Ralphs,6/5/2026,Crystal Geyser Alpine Spring Gallon Water 1gal,Crystal Geyser,1.79,Bottled Water,Beverages
Ralphs,6/5/2026,Del Real Foods Beef Tamales 6 Count 24oz,Del Real,8.99,Tamales,Deli
Ralphs,6/5/2026,Foster Farms Simply Raised Free Range Boneless Skinless Chicken Breast 5.72lb,Foster Farms,29.77,Chicken Breasts,Meat
Ralphs,6/5/2026,Fresh Large Lemon - Each,,0.79,Lemons,Produce
Ralphs,6/5/2026,Fresh Large Lemon - Each,,0.79,Lemons,Produce
Ralphs,6/5/2026,Fresh Large Lemon - Each,,0.79,Lemons,Produce
Ralphs,6/5/2026,Fresh Medium Ripe Avocado,,1.50,Avocados,Produce
Ralphs,6/5/2026,Fresh Seedless Red Grapes 2.09lb,,4.16,Grapes,Produce
Ralphs,6/5/2026,Gotham Greens Fresh Basil 1.25oz,Gotham Greens,1.71,Basil,Produce
Ralphs,6/5/2026,Goya Canned Chick Peas 15.5oz,Goya,1.99,Chickpeas,Pantry
Ralphs,6/5/2026,Goya Canned Chick Peas 15.5oz,Goya,1.99,Chickpeas,Pantry
Ralphs,6/5/2026,Goya Organics Low Sodium Cannellini Beans 15.5oz,Goya,2.69,Cannellini Beans,Pantry
Ralphs,6/5/2026,Goya Organics Low Sodium Cannellini Beans 15.5oz,Goya,2.69,Cannellini Beans,Pantry
Ralphs,6/5/2026,Goya Red Kidney Beans 15.5oz,Goya,1.99,Kidney Beans,Pantry
Ralphs,6/5/2026,Goya Red Kidney Beans 15.5oz,Goya,1.99,Kidney Beans,Pantry
Ralphs,6/5/2026,Happy Egg 12ct Large Brown Grade A Free Range Eggs,Happy Egg,3.99,Eggs,Dairy
Ralphs,6/5/2026,Heinz Sweet Relish 12.7oz,Heinz,3.00,Relish,Pantry
Ralphs,6/5/2026,Horizon Organic DHA Omega-3 Milk Half Gallon,Horizon Organic,6.99,Milk,Dairy
Ralphs,6/5/2026,Idahoan Butter & Herb Mashed Potatoes 4oz,Idahoan,1.99,Instant Mashed Potatoes,Pantry
Ralphs,6/5/2026,Idahoan Roasted Garlic Mashed Potatoes 4oz,Idahoan,1.99,Instant Mashed Potatoes,Pantry
Ralphs,6/5/2026,Jumbo Red Onions 1.2lb,,2.15,Onions,Produce
Ralphs,6/5/2026,Kroger 16oz Extra Wide Egg Noodles,Kroger,2.49,Egg Noodles,Pantry
Ralphs,6/5/2026,Kroger Sliced Beets No Salt 15oz,Kroger,1.39,Canned Beets,Pantry
Ralphs,6/5/2026,Kroger 100% Apple Juice 64fl oz,Kroger,3.19,Apple Juice,Beverages
Ralphs,6/5/2026,Kroger Beef Ravioli 25oz,Kroger,4.49,Beef Ravioli,Pantry
Ralphs,6/5/2026,Kroger Country Style Baked Beans 15oz,Kroger,1.89,Baked Beans,Pantry
Ralphs,6/5/2026,Kroger Fresh Grape Tomatoes 10oz,Kroger,2.99,Tomatoes,Produce
Ralphs,6/5/2026,Kroger Great Northern Beans 15.5oz,Kroger,1.00,White Beans,Pantry
Ralphs,6/5/2026,Kroger Great Northern Beans 15.5oz,Kroger,1.00,White Beans,Pantry
Ralphs,6/5/2026,Kroger Original Baked Beans 15oz,Kroger,1.89,Baked Beans,Pantry
Ralphs,6/5/2026,Kroger Quartered Artichoke Hearts in Brine 14oz,Kroger,3.49,Artichoke Hearts,Pantry
Ralphs,6/5/2026,Kroger Quartered Artichoke Hearts in Brine 14oz,Kroger,3.49,Artichoke Hearts,Pantry
Ralphs,6/5/2026,Kroger Real Bacon Bits 3oz,Kroger,3.29,Bacon Bits,Pantry
Ralphs,6/5/2026,Kroger Red Beans 15.5oz,Kroger,1.00,Red Beans,Pantry
Ralphs,6/5/2026,Kroger Red Beans 15.5oz,Kroger,1.00,Red Beans,Pantry
Ralphs,6/5/2026,Kroger Whole Garlic Bulbs 5ct,Kroger,2.49,Garlic,Produce
Ralphs,6/5/2026,Krusteaz Buttermilk Pancake & Waffle Mix 5lb,Krusteaz,9.49,Pancake Mix,Pantry
Ralphs,6/5/2026,Lay's Potato Chips Barbecue 7.75oz,Lay's,3.99,Chips,Snacks
Ralphs,6/5/2026,Lipton Yellow Label Black Tea Bags 50ct,Lipton,4.99,Tea,Beverages
Ralphs,6/5/2026,Nancy's Plain Organic Probiotic Whole Milk Yogurt 32oz,Nancy's,4.99,Greek Yogurt,Dairy
Ralphs,6/5/2026,Parsley 1ct,,0.99,Parsley,Produce
Ralphs,6/5/2026,Private Selection Provolone Sliced Cheese 8oz,Private Selection,5.99,Provolone Cheese,Dairy
Ralphs,6/5/2026,Private Selection Provolone Sliced Cheese 8oz,Private Selection,5.99,Provolone Cheese,Dairy
Ralphs,6/5/2026,Quaker Chewy Granola Bars Variety Pack 30ct,Quaker,8.99,Granola Bars,Snacks
Ralphs,6/5/2026,Simple Truth Organic Half & Half Quart,Simple Truth Organic,5.49,Half & Half,Dairy
Ralphs,6/5/2026,Smart Way Italian Dressing and Marinade 16fl oz,Smart Way,1.99,Salad Dressing,Pantry
Ralphs,6/5/2026,StarKist Solid White Albacore Tuna in Water Can 5oz,StarKist,2.00,Canned Tuna,Pantry
Ralphs,6/5/2026,StarKist Solid White Albacore Tuna in Water Can 5oz,StarKist,2.00,Canned Tuna,Pantry
Ralphs,6/5/2026,StarKist Solid White Albacore Tuna in Water Can 5oz,StarKist,2.00,Canned Tuna,Pantry
Ralphs,6/5/2026,StarKist Solid White Albacore Tuna in Water Can 5oz,StarKist,2.00,Canned Tuna,Pantry
